Location,1,2,3,4,5,6,7,8
A11,-82,-90,-75,-84,-75,-76,-78,-96
A11,-80,-89,-75,-84,-71,-76,-80,-92
A11,-82,-90,-75,-85,-74,-75,-80,-91
A11,-80,-90,-75,-87,-70,-74,-80,-100
A11,-81,-88,-75,-86,-70,-76,-80,-93
A11,-81,-90,-76,-85,-71,-75,-80,-91
A11,-80,-88,-75,-87,-70,-76,-79,-91
A11,-81,-87,-76,-85,-71,-73,-81,-100
A11,-82,-88,-74,-85,-70,-74,-78,-93
A11,-81,-100,-75,-100,-69,-76,-81,-91
A11,-81,-88,-75,-88,-71,-75,-80,-91
A11,-82,-90,-76,-88,-71,-76,-82,-89
A11,-82,-90,-76,-91,-71,-76,-80,-93
A11,-100,-89,-77,-87,-71,-75,-82,-91
A11,-81,-90,-76,-88,-71,-72,-81,-90
A11,-80,-89,-76,-88,-70,-75,-82,-100
A11,-81,-88,-76,-88,-70,-74,-80,-90
A11,-80,-88,-75,-86,-70,-76,-86,-91
A11,-80,-90,-75,-85,-70,-76,-82,-91
A11,-80,-90,-75,-84,-70,-76,-82,-92
A11,-79,-89,-75,-84,-68,-75,-82,-95
A11,-82,-93,-74,-85,-71,-74,-81,-94
A11,-81,-89,-75,-87,-71,-77,-82,-100
A11,-81,-88,-73,-85,-70,-75,-81,-100
A11,-79,-87,-76,-87,-69,-75,-82,-100
A11,-79,-87,-75,-85,-70,-75,-81,-88
A11,-80,-88,-74,-86,-70,-75,-81,-90
A11,-81,-89,-75,-85,-71,-75,-83,-90
A11,-81,-90,-75,-85,-70,-75,-81,-91
A11,-81,-100,-75,-84,-71,-76,-82,-91
A11,-80,-87,-75,-83,-69,-76,-82,-90
A11,-79,-87,-75,-87,-71,-76,-82,-91
A11,-81,-88,-75,-90,-70,-79,-82,-93
A11,-80,-92,-75,-88,-72,-77,-83,-91
A11,-81,-90,-76,-90,-76,-75,-84,-92
A11,-81,-90,-79,-90,-71,-76,-81,-91
A11,-81,-87,-76,-88,-70,-76,-82,-91
A11,-81,-90,-76,-89,-71,-76,-81,-89
A11,-82,-90,-74,-87,-71,-73,-83,-91
A11,-81,-90,-78,-86,-71,-76,-83,-92
A11,-80,-88,-76,-87,-70,-75,-81,-90
A11,-81,-90,-77,-89,-72,-80,-82,-91
A11,-81,-88,-76,-87,-71,-75,-79,-100
A11,-81,-86,-76,-86,-71,-76,-83,-92
A11,-80,-91,-75,-100,-72,-76,-100,-90
A11,-80,-86,-75,-87,-72,-76,-78,-100
A11,-100,-90,-75,-88,-73,-76,-79,-89
A11,-83,-87,-76,-87,-68,-76,-81,-91
A11,-80,-89,-75,-88,-73,-76,-82,-91
A11,-80,-89,-74,-100,-71,-76,-80,-90
A13,-71,-77,-72,-89,-73,-89,-66,-100
A13,-71,-77,-73,-88,-68,-89,-65,-100
A13,-72,-77,-72,-89,-66,-86,-65,-100
A13,-73,-77,-74,-90,-67,-91,-67,-100
A13,-74,-78,-74,-90,-70,-90,-66,-100
A13,-74,-76,-74,-100,-68,-88,-66,-100
A13,-72,-79,-73,-87,-66,-88,-67,-100
A13,-72,-78,-73,-88,-69,-88,-66,-100
A13,-72,-77,-72,-88,-70,-88,-66,-100
A13,-70,-76,-73,-87,-65,-89,-66,-100
A13,-71,-77,-74,-87,-68,-90,-67,-100
A13,-72,-78,-73,-87,-69,-90,-65,-100
A13,-71,-76,-72,-86,-67,-89,-65,-91
A13,-72,-77,-73,-86,-69,-89,-67,-100
A13,-73,-77,-73,-89,-67,-89,-66,-100
A13,-73,-78,-73,-88,-68,-86,-66,-100
A13,-70,-78,-73,-85,-70,-89,-66,-100
A13,-71,-75,-72,-86,-67,-87,-63,-100
A13,-72,-77,-73,-89,-74,-100,-66,-100
A13,-72,-76,-74,-88,-68,-90,-66,-100
A13,-71,-78,-73,-89,-69,-89,-66,-100
A13,-70,-77,-74,-91,-68,-87,-67,-100
A13,-71,-77,-72,-88,-68,-90,-66,-100
A13,-69,-78,-73,-86,-68,-88,-64,-100
A13,-70,-77,-75,-90,-70,-87,-64,-100
A13,-71,-77,-69,-85,-67,-88,-65,-100
A13,-72,-78,-73,-88,-69,-89,-67,-100
A13,-72,-76,-73,-86,-69,-84,-66,-100
A13,-72,-77,-74,-89,-68,-90,-66,-100
A13,-72,-77,-73,-87,-67,-92,-67,-100
A13,-72,-78,-73,-86,-69,-89,-67,-100
A13,-71,-77,-74,-87,-67,-89,-67,-100
A13,-72,-77,-73,-89,-70,-88,-66,-100
A13,-71,-76,-73,-87,-68,-88,-65,-100
A13,-73,-77,-74,-87,-69,-89,-66,-100
A13,-72,-78,-73,-87,-68,-90,-65,-100
A13,-72,-76,-72,-88,-68,-87,-67,-100
A13,-72,-77,-74,-89,-70,-88,-67,-100
A13,-72,-77,-73,-88,-68,-89,-66,-100
A13,-72,-77,-74,-86,-68,-87,-67,-100
A13,-72,-77,-73,-89,-68,-88,-64,-100
A13,-72,-77,-73,-88,-69,-90,-66,-100
A13,-72,-77,-73,-88,-70,-89,-66,-100
A13,-72,-78,-73,-87,-69,-87,-67,-100
A13,-72,-78,-73,-87,-68,-88,-65,-100
A13,-72,-77,-73,-87,-69,-90,-67,-100
A13,-71,-77,-73,-100,-69,-88,-66,-100
A13,-72,-77,-72,-88,-69,-88,-64,-100
A13,-71,-77,-74,-88,-68,-88,-66,-100
A13,-72,-76,-72,-87,-68,-91,-64,-100
A14,-78,-61,-71,-95,-70,-82,-80,-89
A14,-80,-59,-74,-100,-69,-82,-82,-88
A14,-81,-60,-74,-92,-67,-87,-80,-90
A14,-82,-61,-74,-100,-70,-83,-80,-89
A14,-83,-61,-71,-100,-69,-83,-79,-88
A14,-80,-62,-75,-100,-69,-82,-80,-88
A14,-82,-61,-73,-100,-73,-81,-80,-89
A14,-82,-60,-73,-93,-71,-81,-81,-90
A14,-81,-61,-73,-100,-71,-87,-79,-87
A14,-79,-61,-73,-100,-71,-82,-80,-88
A14,-81,-61,-73,-100,-69,-83,-80,-87
A14,-82,-59,-72,-100,-67,-79,-78,-87
A14,-82,-61,-74,-100,-69,-83,-81,-87
A14,-84,-60,-74,-100,-69,-82,-79,-90
A14,-80,-61,-74,-93,-69,-82,-81,-89
A14,-80,-61,-74,-100,-68,-88,-80,-88
A14,-81,-61,-73,-100,-68,-84,-80,-87
A14,-81,-61,-74,-100,-71,-83,-81,-89
A14,-82,-61,-74,-100,-70,-83,-79,-87
A14,-78,-60,-71,-100,-69,-82,-80,-87
A14,-81,-59,-73,-100,-66,-88,-77,-87
A14,-82,-61,-74,-100,-70,-89,-79,-88
A14,-82,-61,-75,-100,-70,-82,-80,-88
A14,-81,-61,-73,-100,-72,-88,-80,-87
A14,-81,-62,-74,-100,-71,-100,-80,-88
A14,-76,-61,-73,-100,-69,-87,-78,-89
A14,-82,-61,-73,-100,-70,-82,-79,-86
A14,-100,-62,-74,-100,-70,-100,-80,-89
A14,-82,-61,-73,-100,-70,-86,-81,-87
A14,-80,-61,-74,-100,-69,-87,-78,-87
A14,-82,-62,-73,-100,-70,-88,-80,-87
A14,-81,-61,-74,-100,-67,-83,-80,-88
A14,-81,-61,-72,-100,-68,-84,-79,-88
A14,-82,-61,-73,-100,-69,-82,-81,-86
A14,-82,-61,-73,-100,-68,-83,-80,-91
A14,-83,-61,-75,-100,-69,-83,-80,-87
A14,-82,-61,-74,-100,-69,-82,-80,-89
A14,-81,-60,-72,-100,-69,-81,-79,-90
A14,-84,-61,-74,-100,-68,-83,-77,-89
A14,-81,-60,-73,-100,-68,-81,-80,-88
A14,-77,-61,-73,-100,-69,-89,-81,-90
A14,-83,-59,-73,-100,-69,-82,-80,-90
A14,-79,-61,-75,-100,-65,-82,-78,-88
A14,-78,-60,-72,-100,-68,-83,-81,-87
A14,-82,-62,-72,-100,-68,-83,-80,-88
A14,-81,-60,-73,-100,-67,-83,-80,-87
A14,-81,-61,-72,-100,-70,-82,-79,-87
A14,-81,-61,-72,-100,-68,-81,-77,-89
A14,-82,-59,-72,-100,-69,-81,-79,-88
A14,-80,-60,-72,-100,-69,-83,-80,-86
A15,-70,-54,-70,-88,-80,-85,-64,-87
A15,-72,-55,-71,-89,-82,-84,-66,-88
A15,-70,-54,-71,-88,-82,-84,-66,-100
A15,-69,-54,-70,-88,-82,-85,-66,-89
A15,-68,-54,-70,-88,-79,-85,-64,-88
A15,-69,-54,-72,-100,-81,-82,-65,-88
A15,-69,-54,-72,-87,-81,-84,-64,-88
A15,-69,-54,-73,-88,-77,-82,-67,-87
A15,-67,-54,-70,-89,-83,-84,-65,-91
A15,-72,-54,-71,-90,-80,-85,-63,-87
A15,-69,-54,-70,-86,-80,-90,-65,-88
A15,-72,-55,-73,-91,-80,-86,-66,-90
A15,-73,-55,-71,-89,-78,-84,-66,-87
A15,-69,-54,-72,-90,-78,-84,-67,-89
A15,-71,-55,-73,-90,-77,-85,-67,-90
A15,-65,-55,-71,-88,-78,-84,-67,-92
A15,-68,-55,-70,-88,-80,-87,-67,-91
A15,-71,-54,-72,-90,-81,-90,-66,-90
A15,-70,-54,-71,-89,-80,-84,-63,-88
A15,-70,-55,-70,-88,-79,-84,-65,-88
A15,-70,-55,-71,-93,-77,-83,-67,-88
A15,-69,-55,-72,-87,-79,-85,-67,-86
A15,-70,-55,-71,-88,-85,-90,-66,-89
A15,-67,-55,-67,-90,-76,-100,-67,-100
A15,-68,-54,-72,-90,-81,-84,-66,-86
A15,-68,-54,-71,-88,-78,-86,-66,-91
A15,-68,-53,-70,-100,-84,-83,-66,-88
A15,-69,-55,-70,-91,-78,-90,-65,-89
A15,-69,-55,-69,-91,-75,-83,-65,-89
A15,-67,-54,-70,-93,-79,-89,-67,-95
A15,-69,-55,-72,-90,-79,-90,-67,-90
A15,-70,-55,-72,-93,-83,-86,-66,-90
A15,-68,-55,-72,-89,-76,-85,-67,-89
A15,-70,-55,-71,-92,-79,-84,-67,-90
A15,-68,-54,-72,-90,-78,-84,-66,-100
A15,-69,-55,-72,-90,-83,-86,-66,-90
A15,-69,-55,-71,-91,-79,-85,-64,-88
A15,-67,-56,-74,-90,-78,-90,-68,-100
A15,-70,-56,-70,-92,-76,-86,-66,-89
A15,-70,-55,-73,-88,-80,-85,-65,-90
A15,-69,-55,-71,-90,-82,-85,-65,-89
A15,-69,-55,-71,-90,-87,-86,-67,-89
A15,-68,-54,-71,-89,-87,-84,-69,-89
A15,-74,-54,-73,-88,-78,-83,-66,-88
A15,-71,-56,-74,-100,-80,-85,-69,-100
A15,-68,-55,-74,-90,-80,-89,-66,-89
A15,-66,-54,-72,-91,-79,-90,-66,-100
A15,-69,-55,-71,-90,-79,-85,-66,-89
A15,-68,-55,-73,-93,-76,-85,-65,-89
A15,-68,-56,-72,-90,-78,-90,-66,-92
C11,-74,-85,-65,-88,-68,-68,-69,-100
C11,-74,-86,-67,-89,-67,-68,-69,-100
C11,-74,-84,-68,-88,-65,-68,-70,-100
C11,-74,-86,-70,-86,-66,-69,-71,-100
C11,-74,-84,-68,-89,-67,-66,-71,-100
C11,-75,-84,-67,-89,-67,-66,-69,-91
C11,-73,-84,-68,-90,-66,-67,-69,-100
C11,-73,-83,-69,-89,-68,-66,-68,-100
C11,-74,-83,-67,-89,-65,-67,-69,-100
C11,-72,-85,-66,-88,-66,-68,-70,-100
C11,-73,-84,-67,-87,-67,-68,-71,-92
C11,-74,-83,-66,-87,-65,-67,-70,-94
C11,-74,-85,-68,-100,-67,-67,-70,-93
C11,-72,-85,-65,-88,-70,-67,-70,-100
C11,-70,-85,-65,-91,-69,-68,-66,-92
C11,-72,-82,-67,-88,-67,-68,-67,-93
C11,-72,-82,-67,-90,-68,-66,-68,-91
C11,-73,-84,-68,-91,-68,-67,-71,-89
C11,-72,-85,-67,-90,-68,-67,-69,-100
C11,-74,-83,-68,-90,-65,-66,-69,-93
C11,-73,-84,-67,-88,-67,-67,-69,-90
C11,-74,-86,-70,-90,-69,-69,-71,-100
C11,-74,-84,-65,-89,-66,-69,-70,-93
C11,-74,-85,-68,-90,-69,-68,-70,-90
C11,-73,-85,-69,-91,-68,-69,-71,-94
C11,-74,-84,-70,-88,-68,-69,-71,-100
C11,-74,-84,-69,-90,-67,-69,-70,-100
C11,-73,-84,-68,-89,-67,-68,-69,-92
C11,-73,-100,-69,-100,-64,-68,-70,-90
C11,-73,-84,-68,-100,-65,-67,-70,-100
C11,-75,-86,-69,-87,-67,-68,-70,-100
C11,-75,-85,-68,-92,-66,-66,-70,-100
C11,-74,-86,-69,-100,-67,-68,-70,-100
C11,-75,-84,-69,-100,-67,-67,-70,-93
C11,-73,-87,-68,-100,-66,-68,-70,-93
C11,-74,-85,-67,-94,-67,-68,-71,-94
C11,-74,-100,-68,-100,-66,-68,-70,-90
C11,-73,-83,-68,-100,-67,-67,-69,-100
C11,-100,-87,-68,-88,-67,-68,-71,-94
C11,-74,-86,-68,-95,-67,-66,-70,-100
C11,-73,-100,-68,-91,-67,-68,-71,-100
C11,-73,-84,-67,-91,-67,-68,-72,-95
C11,-72,-85,-69,-92,-66,-67,-71,-92
C11,-74,-85,-68,-90,-69,-69,-71,-100
C11,-72,-83,-68,-88,-70,-69,-70,-100
C11,-73,-82,-68,-89,-67,-69,-71,-100
C11,-73,-100,-100,-86,-68,-67,-70,-91
C11,-73,-84,-68,-89,-68,-69,-73,-91
C11,-74,-86,-68,-88,-69,-68,-69,-100
C11,-74,-83,-70,-100,-69,-68,-72,-100
C13,-75,-90,-75,-89,-65,-73,-71,-100
C13,-70,-86,-79,-91,-65,-73,-74,-91
C13,-70,-82,-77,-90,-65,-72,-73,-88
C13,-70,-82,-74,-90,-64,-72,-72,-90
C13,-68,-82,-74,-90,-65,-72,-71,-89
C13,-71,-100,-74,-100,-65,-71,-72,-89
C13,-71,-82,-76,-90,-64,-72,-71,-89
C13,-70,-83,-74,-90,-65,-73,-71,-91
C13,-71,-100,-100,-90,-65,-72,-74,-100
C13,-70,-84,-76,-88,-65,-72,-76,-89
C13,-73,-85,-84,-89,-65,-72,-75,-100
C13,-71,-83,-81,-100,-65,-72,-70,-100
C13,-71,-81,-79,-100,-63,-71,-74,-90
C13,-71,-83,-76,-100,-64,-73,-72,-90
C13,-78,-82,-76,-100,-65,-72,-100,-100
C13,-70,-100,-78,-92,-64,-72,-74,-90
C13,-71,-83,-77,-89,-64,-73,-72,-90
C13,-71,-83,-78,-89,-64,-73,-74,-89
C13,-70,-83,-78,-90,-64,-73,-73,-91
C13,-70,-83,-77,-88,-64,-100,-72,-88
C13,-70,-83,-76,-90,-65,-72,-70,-87
C13,-71,-82,-77,-100,-65,-72,-70,-86
C13,-71,-83,-77,-92,-64,-72,-72,-87
C13,-70,-82,-75,-89,-63,-72,-72,-91
C13,-72,-84,-79,-93,-66,-73,-73,-91
C13,-67,-82,-78,-90,-64,-72,-71,-90
C13,-70,-82,-79,-91,-66,-73,-72,-100
C13,-71,-100,-79,-93,-68,-72,-72,-92
C13,-71,-81,-78,-91,-69,-72,-71,-91
C13,-71,-82,-79,-90,-69,-100,-72,-90
C13,-72,-82,-78,-100,-69,-74,-71,-90
C13,-72,-82,-80,-93,-68,-72,-72,-89
C13,-71,-83,-79,-90,-67,-72,-71,-100
C13,-72,-83,-78,-90,-67,-73,-68,-91
C13,-71,-81,-77,-100,-68,-74,-72,-91
C13,-72,-82,-76,-92,-66,-74,-66,-92
C13,-75,-83,-79,-88,-67,-73,-72,-91
C13,-72,-81,-79,-89,-68,-73,-72,-91
C13,-71,-82,-78,-89,-68,-74,-72,-92
C13,-72,-81,-77,-100,-68,-73,-71,-92
C13,-70,-80,-76,-92,-67,-67,-70,-90
C13,-70,-80,-79,-86,-70,-71,-71,-93
C13,-71,-81,-75,-87,-70,-67,-72,-91
C13,-70,-82,-77,-100,-67,-71,-71,-91
C13,-71,-83,-78,-100,-67,-70,-71,-92
C13,-71,-89,-80,-90,-64,-72,-71,-91
C13,-73,-82,-77,-92,-68,-69,-72,-93
C13,-73,-82,-77,-92,-69,-70,-72,-94
C13,-72,-81,-76,-100,-64,-69,-71,-90
C13,-72,-81,-77,-100,-68,-70,-71,-91
C15,-80,-77,-68,-89,-64,-81,-52,-86
C15,-78,-76,-67,-83,-63,-79,-52,-86
C15,-76,-77,-68,-84,-63,-82,-52,-84
C15,-81,-74,-68,-89,-61,-84,-53,-83
C15,-84,-75,-68,-85,-64,-80,-53,-88
C15,-80,-76,-68,-84,-67,-80,-53,-86
C15,-81,-75,-68,-86,-66,-78,-53,-87
C15,-79,-75,-69,-87,-66,-80,-53,-87
C15,-81,-76,-68,-85,-67,-80,-53,-86
C15,-83,-73,-67,-87,-67,-81,-53,-88
C15,-80,-74,-68,-86,-66,-81,-53,-86
C15,-80,-74,-68,-88,-63,-83,-52,-86
C15,-80,-75,-67,-89,-65,-81,-53,-86
C15,-79,-75,-66,-91,-67,-86,-53,-85
C15,-80,-74,-67,-87,-67,-87,-52,-86
C15,-81,-73,-64,-82,-100,-81,-52,-88
C15,-81,-73,-67,-83,-67,-81,-52,-87
C15,-80,-74,-67,-82,-67,-81,-52,-87
C15,-80,-74,-67,-91,-69,-81,-53,-87
C15,-81,-74,-67,-88,-67,-81,-53,-81
C15,-80,-74,-67,-91,-68,-81,-52,-87
C15,-80,-75,-67,-89,-64,-80,-53,-85
C15,-81,-74,-68,-89,-63,-81,-53,-86
C15,-81,-74,-68,-100,-65,-100,-53,-87
C15,-82,-75,-68,-87,-65,-82,-52,-87
C15,-81,-75,-69,-100,-65,-81,-54,-86
C15,-82,-75,-68,-89,-65,-80,-53,-86
C15,-82,-74,-68,-86,-65,-82,-53,-88
C15,-84,-73,-68,-87,-65,-82,-53,-84
C15,-82,-75,-68,-100,-66,-82,-53,-86
C15,-82,-74,-67,-90,-65,-86,-53,-88
C15,-82,-74,-69,-91,-66,-80,-53,-87
C15,-81,-75,-67,-86,-64,-78,-52,-87
C15,-82,-74,-68,-87,-66,-81,-53,-85
C15,-80,-74,-68,-100,-66,-80,-52,-87
C15,-81,-74,-68,-90,-65,-81,-53,-88
C15,-81,-74,-68,-87,-65,-80,-53,-86
C15,-80,-74,-69,-87,-63,-81,-51,-87
C15,-82,-75,-73,-86,-64,-82,-53,-82
C15,-87,-76,-66,-93,-62,-83,-53,-82
C15,-81,-76,-68,-100,-67,-82,-53,-83
C15,-79,-73,-65,-100,-60,-82,-52,-81
C15,-75,-75,-68,-90,-64,-100,-53,-84
C15,-75,-74,-67,-100,-62,-81,-52,-84
C15,-75,-74,-67,-88,-62,-80,-53,-84
C15,-77,-75,-67,-89,-61,-82,-52,-84
C15,-75,-74,-68,-86,-64,-80,-52,-83
C15,-73,-73,-66,-86,-61,-79,-52,-85
C15,-75,-73,-68,-88,-61,-82,-52,-83
C15,-78,-74,-68,-86,-63,-80,-52,-91
C17,-61,-74,-51,-90,-80,-90,-73,-87
C17,-60,-73,-52,-87,-80,-100,-75,-87
C17,-61,-74,-52,-85,-81,-88,-74,-85
C17,-62,-73,-51,-87,-83,-90,-75,-87
C17,-60,-74,-51,-93,-81,-86,-73,-87
C17,-62,-75,-51,-100,-82,-87,-73,-88
C17,-62,-76,-55,-100,-84,-90,-75,-90
C17,-61,-75,-51,-93,-100,-86,-73,-88
C17,-60,-74,-50,-89,-82,-88,-73,-88
C17,-62,-74,-52,-100,-82,-89,-73,-88
C17,-62,-76,-51,-100,-81,-89,-73,-89
C17,-61,-74,-52,-100,-83,-88,-73,-86
C17,-61,-74,-51,-100,-81,-100,-73,-86
C17,-61,-74,-51,-93,-80,-88,-73,-94
C17,-61,-74,-52,-100,-83,-89,-74,-87
C17,-61,-73,-51,-100,-81,-90,-73,-89
C17,-61,-74,-51,-90,-78,-89,-73,-89
C17,-60,-74,-52,-83,-83,-89,-72,-88
C17,-60,-73,-51,-86,-79,-89,-73,-91
C17,-61,-74,-50,-100,-100,-100,-72,-88
C17,-62,-74,-51,-92,-76,-87,-73,-89
C17,-60,-74,-52,-84,-76,-86,-72,-90
C17,-60,-74,-50,-87,-75,-90,-73,-87
C17,-59,-75,-50,-89,-77,-100,-70,-88
C17,-62,-75,-52,-87,-78,-91,-74,-89
C17,-62,-75,-53,-87,-78,-91,-74,-89
C17,-61,-76,-52,-87,-78,-88,-74,-89
C17,-63,-75,-53,-88,-79,-88,-74,-91
C17,-62,-75,-53,-89,-80,-100,-100,-87
C17,-62,-75,-53,-90,-82,-91,-74,-87
C17,-62,-75,-51,-86,-81,-91,-73,-87
C17,-61,-73,-50,-91,-81,-100,-74,-87
C17,-60,-75,-51,-90,-83,-92,-72,-89
C17,-60,-74,-52,-89,-75,-92,-73,-84
C17,-60,-74,-50,-100,-79,-100,-72,-87
C17,-60,-100,-50,-89,-77,-89,-72,-88
C17,-61,-74,-52,-100,-84,-91,-72,-88
C17,-60,-74,-50,-93,-82,-100,-74,-87
C17,-62,-74,-52,-86,-76,-95,-72,-88
C17,-61,-73,-52,-86,-79,-90,-72,-90
C17,-60,-73,-52,-87,-83,-90,-73,-87
C17,-60,-74,-51,-92,-83,-91,-70,-87
C17,-64,-74,-51,-100,-82,-91,-71,-87
C17,-60,-73,-51,-100,-84,-100,-72,-85
C17,-60,-73,-50,-100,-81,-87,-72,-86
C17,-61,-74,-52,-90,-82,-91,-73,-87
C17,-62,-74,-52,-88,-78,-100,-72,-88
C17,-60,-74,-52,-88,-78,-100,-72,-85
C17,-60,-74,-50,-87,-75,-91,-74,-88
C17,-60,-72,-50,-100,-80,-88,-70,-89
C19,-72,-74,-60,-88,-73,-88,-70,-91
C19,-67,-72,-62,-89,-71,-100,-81,-90
C19,-72,-74,-62,-100,-71,-100,-70,-100
C19,-73,-74,-60,-100,-69,-85,-70,-90
C19,-70,-73,-61,-100,-72,-85,-68,-90
C19,-73,-74,-61,-100,-72,-85,-68,-89
C19,-73,-73,-62,-100,-72,-86,-70,-90
C19,-73,-74,-61,-90,-72,-88,-70,-91
C19,-73,-72,-61,-100,-73,-100,-70,-89
C19,-72,-74,-62,-100,-72,-85,-70,-91
C19,-72,-74,-62,-95,-71,-86,-71,-89
C19,-71,-74,-60,-89,-72,-85,-71,-100
C19,-73,-75,-60,-100,-71,-87,-71,-90
C19,-74,-76,-63,-100,-73,-86,-72,-92
C19,-73,-75,-63,-100,-73,-88,-72,-90
C19,-74,-76,-63,-100,-73,-87,-72,-91
C19,-72,-74,-61,-100,-71,-85,-70,-91
C19,-73,-76,-63,-100,-73,-87,-73,-91
C19,-72,-73,-62,-100,-71,-86,-71,-89
C19,-72,-74,-61,-92,-71,-86,-71,-90
C19,-73,-74,-64,-92,-69,-87,-71,-91
C19,-72,-74,-61,-91,-71,-87,-71,-100
C19,-74,-75,-60,-91,-72,-87,-71,-88
C19,-73,-74,-62,-89,-71,-86,-70,-91
C19,-73,-75,-63,-91,-72,-87,-71,-100
C19,-73,-75,-61,-100,-71,-87,-70,-92
C19,-74,-74,-62,-100,-69,-100,-71,-89
C19,-73,-75,-61,-100,-72,-86,-72,-90
C19,-72,-75,-62,-92,-73,-87,-72,-91
C19,-73,-75,-62,-93,-72,-86,-70,-89
C19,-73,-74,-62,-90,-71,-87,-71,-90
C19,-73,-74,-61,-100,-72,-89,-71,-87
C19,-73,-75,-62,-90,-68,-86,-71,-90
C19,-73,-75,-61,-92,-72,-87,-71,-89
C19,-73,-74,-62,-89,-73,-86,-71,-89
C19,-74,-73,-62,-90,-72,-87,-71,-90
C19,-72,-75,-62,-93,-72,-86,-70,-89
C19,-72,-75,-61,-100,-69,-86,-68,-100
C19,-72,-75,-61,-93,-72,-86,-71,-90
C19,-100,-74,-61,-100,-71,-86,-70,-100
C19,-72,-75,-61,-100,-71,-87,-71,-100
C19,-72,-74,-63,-92,-71,-88,-69,-88
C19,-73,-75,-61,-93,-71,-87,-72,-89
C19,-73,-75,-63,-91,-71,-88,-71,-89
C19,-71,-75,-62,-93,-72,-100,-71,-91
C19,-73,-74,-62,-100,-71,-87,-71,-100
C19,-73,-74,-62,-90,-71,-86,-69,-88
C19,-73,-73,-61,-89,-72,-86,-71,-89
C19,-74,-75,-63,-90,-69,-85,-71,-89
C19,-71,-72,-61,-90,-72,-85,-70,-90
E19,-51,-72,-65,-86,-70,-88,-80,-80
E19,-53,-71,-65,-84,-70,-89,-82,-81
E19,-53,-71,-65,-85,-71,-92,-82,-75
E19,-52,-71,-64,-86,-70,-88,-81,-80
E19,-51,-72,-65,-86,-69,-89,-81,-81
E19,-53,-72,-63,-84,-71,-91,-80,-88
E19,-53,-72,-65,-83,-71,-89,-80,-80
E19,-53,-72,-63,-85,-69,-89,-80,-80
E19,-53,-72,-65,-86,-70,-89,-78,-80
E19,-53,-72,-64,-87,-71,-90,-78,-81
E19,-52,-72,-64,-84,-71,-88,-79,-81
E19,-54,-72,-64,-84,-71,-89,-79,-80
E19,-53,-70,-64,-82,-71,-91,-80,-79
E19,-53,-72,-66,-87,-70,-87,-81,-80
E19,-54,-72,-65,-88,-70,-88,-80,-80
E19,-54,-73,-66,-85,-70,-100,-100,-80
E19,-52,-72,-66,-85,-70,-89,-77,-77
E19,-52,-71,-63,-82,-70,-89,-80,-79
E19,-53,-75,-64,-85,-72,-90,-79,-84
E19,-53,-72,-65,-85,-68,-88,-79,-80
E19,-53,-72,-65,-87,-71,-88,-80,-80
E19,-53,-72,-64,-85,-71,-89,-79,-79
E19,-53,-71,-64,-84,-70,-91,-80,-80
E19,-52,-69,-65,-100,-70,-88,-79,-80
E19,-53,-72,-64,-85,-70,-88,-79,-80
E19,-52,-71,-63,-100,-70,-87,-80,-79
E19,-53,-72,-65,-86,-70,-89,-80,-79
E19,-52,-72,-63,-85,-71,-89,-80,-78
E19,-53,-72,-64,-87,-71,-89,-80,-80
E19,-53,-71,-65,-84,-71,-89,-80,-79
E19,-53,-71,-63,-85,-70,-89,-81,-80
E19,-53,-72,-65,-86,-70,-86,-82,-81
E19,-53,-72,-64,-85,-69,-86,-83,-80
E19,-53,-71,-65,-87,-69,-86,-100,-79
E19,-54,-72,-67,-87,-71,-91,-81,-80
E19,-53,-72,-60,-85,-70,-100,-81,-79
E19,-53,-72,-65,-100,-69,-88,-79,-79
E19,-52,-71,-64,-87,-69,-87,-81,-79
E19,-53,-71,-65,-87,-69,-89,-80,-79
E19,-52,-71,-64,-86,-70,-86,-80,-87
E19,-52,-73,-64,-100,-70,-88,-81,-80
E19,-53,-72,-65,-88,-70,-87,-82,-78
E19,-53,-71,-64,-85,-69,-90,-81,-79
E19,-53,-72,-63,-87,-69,-87,-81,-79
E19,-53,-72,-65,-87,-69,-87,-79,-80
E19,-53,-71,-64,-83,-69,-86,-81,-79
E19,-52,-70,-64,-86,-70,-89,-79,-100
E19,-50,-68,-66,-80,-64,-83,-72,-83
E19,-39,-70,-75,-100,-60,-77,-74,-83
E19,-48,-69,-72,-72,-64,-90,-79,-70
E17,-68,-78,-66,-81,-64,-100,-100,-79
E17,-69,-77,-66,-80,-65,-91,-71,-80
E17,-67,-78,-66,-80,-64,-100,-71,-80
E17,-72,-78,-65,-82,-64,-90,-73,-77
E17,-71,-78,-65,-83,-65,-90,-72,-78
E17,-69,-79,-65,-82,-62,-92,-72,-80
E17,-68,-77,-66,-82,-64,-100,-71,-79
E17,-69,-76,-66,-82,-60,-92,-71,-78
E17,-69,-78,-66,-81,-59,-100,-72,-77
E17,-69,-79,-65,-81,-63,-90,-71,-79
E17,-69,-73,-65,-82,-64,-91,-72,-78
E17,-70,-77,-65,-82,-64,-92,-71,-79
E17,-67,-78,-65,-81,-63,-91,-70,-77
E17,-70,-79,-64,-83,-65,-91,-71,-77
E17,-68,-76,-65,-82,-62,-92,-72,-79
E17,-67,-77,-65,-83,-62,-88,-71,-76
E17,-71,-79,-65,-83,-66,-92,-73,-78
E17,-72,-78,-66,-83,-64,-93,-71,-77
E17,-71,-78,-65,-82,-63,-100,-72,-79
E17,-72,-77,-65,-82,-66,-91,-72,-78
E17,-72,-77,-65,-81,-63,-90,-72,-78
E17,-69,-79,-66,-80,-63,-90,-71,-80
E17,-69,-79,-65,-82,-63,-90,-71,-79
E17,-69,-76,-67,-82,-64,-89,-71,-79
E17,-70,-78,-67,-82,-63,-92,-72,-79
E17,-69,-78,-67,-81,-63,-90,-71,-79
E17,-68,-78,-64,-82,-62,-89,-71,-80
E17,-68,-77,-65,-83,-64,-88,-71,-78
E17,-70,-76,-64,-83,-63,-90,-71,-78
E17,-67,-77,-65,-83,-65,-100,-72,-78
E17,-68,-77,-66,-82,-62,-90,-71,-79
E17,-67,-100,-63,-83,-63,-93,-71,-83
E17,-68,-76,-66,-82,-64,-93,-71,-80
E17,-68,-75,-66,-84,-63,-89,-71,-80
E17,-68,-77,-66,-83,-62,-86,-71,-79
E17,-67,-77,-67,-83,-63,-94,-71,-79
E17,-68,-77,-66,-83,-64,-91,-71,-79
E17,-68,-76,-65,-83,-64,-92,-71,-79
E17,-69,-78,-66,-84,-63,-91,-71,-80
E17,-68,-77,-67,-81,-63,-90,-72,-78
E17,-68,-78,-66,-82,-65,-100,-71,-79
E17,-68,-76,-66,-83,-64,-91,-71,-79
E17,-66,-77,-65,-100,-63,-100,-70,-79
E17,-68,-77,-66,-83,-64,-92,-71,-79
E17,-70,-75,-65,-82,-64,-90,-72,-78
E17,-72,-76,-66,-83,-63,-93,-74,-79
E17,-69,-77,-65,-84,-63,-93,-74,-77
E17,-72,-76,-66,-82,-64,-93,-73,-79
E17,-71,-77,-67,-100,-65,-91,-73,-79
E17,-72,-77,-66,-81,-63,-94,-73,-79
E15,-64,-84,-73,-82,-59,-77,-63,-78
E15,-64,-84,-73,-78,-58,-80,-63,-78
E15,-64,-83,-72,-78,-56,-83,-63,-77
E15,-65,-85,-73,-100,-60,-78,-63,-80
E15,-65,-83,-75,-77,-60,-78,-63,-77
E15,-65,-84,-72,-80,-58,-76,-63,-83
E15,-65,-84,-73,-80,-58,-77,-61,-77
E15,-65,-84,-74,-80,-58,-79,-63,-79
E15,-65,-85,-73,-79,-59,-79,-62,-78
E15,-66,-84,-74,-81,-60,-79,-63,-78
E15,-64,-83,-74,-82,-59,-79,-63,-80
E15,-66,-85,-74,-78,-58,-79,-63,-75
E15,-65,-84,-73,-81,-59,-84,-61,-78
E15,-65,-84,-73,-81,-59,-85,-63,-77
E15,-65,-84,-73,-81,-59,-79,-63,-77
E15,-65,-84,-71,-80,-58,-80,-63,-79
E15,-65,-84,-73,-79,-60,-79,-63,-77
E15,-64,-84,-74,-82,-59,-80,-63,-77
E15,-65,-85,-73,-79,-58,-79,-64,-77
E15,-64,-83,-74,-79,-59,-80,-63,-75
E15,-62,-86,-74,-80,-59,-79,-63,-77
E15,-64,-84,-73,-81,-60,-79,-62,-76
E15,-64,-86,-72,-82,-60,-78,-63,-76
E15,-64,-85,-71,-80,-60,-79,-65,-77
E15,-65,-86,-73,-79,-60,-78,-63,-77
E15,-65,-86,-73,-78,-59,-78,-65,-77
E15,-65,-86,-73,-82,-60,-78,-61,-77
E15,-64,-86,-73,-80,-61,-80,-63,-75
E15,-64,-87,-73,-82,-58,-80,-63,-77
E15,-63,-85,-73,-82,-58,-79,-61,-76
E15,-64,-84,-73,-100,-59,-79,-62,-75
E15,-63,-84,-76,-81,-61,-80,-64,-78
E15,-65,-85,-73,-81,-60,-81,-63,-79
E15,-66,-84,-75,-83,-60,-80,-64,-80
E15,-66,-86,-74,-82,-61,-81,-64,-86
E15,-67,-84,-74,-84,-60,-78,-64,-83
E15,-66,-87,-75,-81,-60,-80,-64,-77
E15,-66,-100,-100,-100,-58,-100,-64,-76
E15,-67,-87,-75,-81,-60,-80,-61,-78
E15,-66,-88,-74,-84,-60,-78,-64,-78
E15,-65,-88,-77,-83,-60,-78,-64,-78
E15,-65,-87,-75,-81,-61,-81,-64,-78
E15,-65,-87,-75,-80,-60,-82,-63,-77
E15,-65,-88,-75,-81,-59,-80,-63,-77
E15,-65,-87,-74,-83,-58,-80,-65,-78
E15,-65,-85,-72,-81,-58,-80,-63,-77
E15,-64,-84,-71,-77,-57,-80,-62,-75
E15,-67,-87,-74,-81,-58,-82,-63,-77
E15,-65,-86,-74,-79,-58,-100,-63,-74
E15,-65,-89,-74,-79,-59,-82,-63,-77
E13,-100,-91,-100,-89,-49,-76,-85,-100
E13,-100,-87,-82,-91,-49,-77,-81,-83
E13,-77,-90,-81,-88,-49,-77,-86,-89
E13,-75,-88,-79,-90,-50,-75,-83,-83
E13,-76,-89,-84,-88,-49,-76,-82,-80
E13,-77,-89,-82,-91,-49,-78,-82,-100
E13,-76,-90,-83,-91,-49,-77,-83,-85
E13,-77,-88,-100,-89,-49,-76,-84,-100
E13,-77,-88,-82,-87,-49,-76,-82,-84
E13,-76,-90,-80,-91,-49,-76,-82,-80
E13,-73,-89,-82,-89,-49,-76,-83,-83
E13,-77,-89,-82,-87,-49,-76,-83,-82
E13,-75,-100,-85,-87,-49,-77,-100,-83
E13,-76,-90,-84,-100,-50,-78,-86,-84
E13,-100,-100,-100,-88,-50,-77,-85,-85
E13,-83,-88,-82,-87,-49,-73,-84,-84
E13,-77,-88,-83,-87,-49,-73,-100,-84
E13,-78,-86,-84,-86,-49,-76,-82,-84
E13,-75,-88,-83,-88,-49,-76,-83,-86
E13,-76,-87,-84,-94,-49,-76,-84,-100
E13,-76,-88,-87,-90,-49,-77,-81,-83
E13,-70,-86,-84,-100,-50,-84,-84,-100
E13,-76,-86,-83,-89,-49,-76,-82,-83
E13,-78,-90,-85,-88,-49,-84,-84,-84
E13,-76,-89,-83,-87,-50,-84,-83,-84
E13,-77,-86,-84,-88,-49,-77,-83,-84
E13,-77,-88,-83,-88,-49,-77,-83,-83
E13,-77,-90,-84,-88,-49,-83,-83,-84
E13,-77,-89,-86,-89,-49,-77,-84,-86
E13,-76,-91,-81,-90,-49,-77,-86,-84
E13,-76,-88,-82,-87,-49,-79,-81,-83
E13,-78,-90,-89,-87,-49,-78,-88,-82
E13,-77,-91,-86,-90,-49,-77,-100,-83
E13,-77,-85,-88,-100,-49,-78,-85,-82
E13,-78,-100,-84,-100,-50,-77,-86,-82
E13,-78,-89,-89,-87,-51,-78,-86,-87
E13,-80,-89,-88,-86,-50,-77,-83,-83
E13,-77,-93,-88,-86,-50,-77,-84,-84
E13,-79,-93,-89,-88,-50,-77,-86,-84
E13,-79,-100,-86,-87,-50,-77,-86,-83
E13,-79,-90,-86,-88,-50,-76,-86,-84
E13,-78,-88,-86,-88,-50,-77,-87,-84
E13,-77,-100,-83,-88,-49,-74,-85,-84
E13,-80,-100,-83,-91,-50,-77,-81,-100
E13,-77,-86,-84,-87,-49,-77,-88,-80
E13,-79,-92,-86,-89,-50,-78,-85,-83
E13,-79,-93,-89,-90,-49,-78,-83,-100
E13,-78,-92,-85,-90,-50,-84,-80,-82
E13,-100,-91,-86,-89,-50,-77,-81,-84
E13,-76,-87,-83,-90,-50,-77,-76,-85
E11,-76,-93,-73,-83,-74,-87,-76,-90
E11,-76,-100,-73,-83,-73,-86,-76,-89
E11,-77,-91,-74,-84,-70,-86,-75,-94
E11,-77,-91,-73,-84,-71,-87,-76,-91
E11,-76,-91,-74,-87,-70,-83,-76,-90
E11,-74,-92,-73,-85,-71,-87,-75,-90
E11,-75,-93,-75,-85,-69,-85,-74,-100
E11,-76,-91,-73,-85,-72,-85,-75,-89
E11,-75,-100,-74,-82,-68,-86,-75,-90
E11,-76,-100,-74,-83,-70,-87,-76,-92
E11,-75,-92,-75,-85,-70,-83,-74,-95
E11,-75,-100,-71,-84,-70,-86,-74,-89
E11,-76,-100,-73,-84,-70,-85,-75,-89
E11,-76,-100,-73,-83,-69,-87,-75,-89
E11,-76,-100,-73,-83,-69,-87,-74,-89
E11,-74,-92,-72,-81,-69,-85,-74,-90
E11,-75,-100,-73,-83,-70,-87,-75,-91
E11,-76,-92,-74,-83,-70,-85,-75,-87
E11,-75,-94,-74,-83,-70,-85,-75,-89
E11,-75,-100,-75,-84,-70,-87,-75,-90
E11,-75,-92,-74,-87,-69,-90,-74,-90
E11,-76,-94,-74,-85,-70,-85,-76,-90
E11,-75,-100,-74,-83,-70,-85,-76,-89
E11,-75,-94,-74,-84,-69,-87,-74,-89
E11,-75,-100,-74,-84,-70,-88,-75,-90
E11,-75,-92,-74,-84,-70,-86,-75,-90
E11,-75,-100,-75,-83,-70,-85,-76,-88
E11,-74,-93,-74,-83,-70,-86,-74,-89
E11,-73,-92,-75,-83,-68,-85,-74,-89
E11,-74,-100,-73,-85,-71,-82,-75,-88
E11,-74,-90,-75,-100,-71,-85,-75,-88
E11,-72,-93,-75,-85,-70,-87,-76,-88
E11,-76,-100,-74,-85,-71,-86,-76,-86
E11,-76,-100,-72,-85,-71,-85,-75,-89
E11,-74,-100,-74,-100,-100,-85,-75,-89
E11,-75,-93,-74,-83,-71,-86,-76,-88
E11,-76,-100,-74,-83,-72,-85,-78,-88
E11,-76,-100,-75,-84,-68,-83,-74,-89
E11,-75,-100,-73,-85,-70,-83,-75,-87
E11,-75,-100,-75,-85,-68,-79,-75,-89
E11,-73,-100,-74,-83,-66,-84,-74,-87
E11,-76,-100,-73,-89,-76,-81,-77,-88
E11,-78,-91,-73,-88,-68,-75,-74,-88
E11,-76,-100,-75,-85,-71,-87,-80,-91
E11,-76,-100,-76,-83,-74,-83,-79,-90
E11,-74,-100,-76,-87,-77,-91,-79,-100
E11,-77,-100,-73,-87,-70,-80,-76,-89
E11,-77,-100,-75,-88,-68,-89,-77,-87
E11,-77,-100,-74,-84,-69,-80,-78,-86
E11,-77,-89,-73,-88,-65,-86,-75,-87
G11,-82,-81,-78,-80,-66,-76,-82,-96
G11,-82,-82,-81,-83,-67,-77,-82,-91
G11,-100,-81,-81,-81,-67,-78,-83,-94
G11,-81,-80,-79,-79,-66,-74,-80,-100
G11,-79,-79,-80,-81,-67,-80,-84,-91
G11,-83,-81,-80,-80,-66,-76,-81,-92
G11,-83,-81,-80,-80,-67,-77,-82,-93
G11,-81,-82,-81,-82,-67,-78,-81,-100
G11,-81,-82,-80,-83,-66,-77,-82,-100
G11,-83,-82,-81,-81,-69,-100,-82,-100
G11,-84,-82,-81,-84,-68,-77,-81,-100
G11,-84,-81,-81,-82,-67,-76,-82,-100
G11,-82,-83,-80,-85,-66,-77,-82,-100
G11,-82,-80,-79,-82,-66,-77,-100,-100
G11,-82,-82,-78,-82,-69,-77,-82,-100
G11,-82,-81,-80,-81,-67,-76,-81,-93
G11,-83,-81,-79,-81,-67,-76,-81,-93
G11,-84,-81,-79,-83,-67,-77,-81,-100
G11,-80,-84,-81,-79,-67,-76,-81,-94
G11,-83,-81,-80,-82,-67,-76,-82,-100
G11,-84,-81,-79,-83,-66,-79,-83,-100
G11,-83,-81,-77,-82,-67,-76,-100,-100
G11,-83,-81,-80,-84,-68,-75,-81,-94
G11,-84,-81,-78,-82,-68,-75,-79,-100
G11,-82,-82,-81,-81,-66,-74,-81,-100
G11,-84,-81,-79,-82,-67,-77,-81,-100
G11,-84,-81,-79,-82,-68,-76,-83,-93
G11,-81,-82,-79,-82,-67,-77,-81,-100
G11,-83,-81,-78,-82,-67,-77,-82,-100
G11,-100,-82,-79,-83,-67,-76,-100,-92
G11,-82,-82,-79,-100,-67,-77,-81,-92
G11,-84,-82,-79,-82,-67,-78,-100,-90
G11,-81,-82,-79,-82,-67,-78,-83,-100
G11,-84,-80,-79,-100,-67,-77,-81,-100
G11,-83,-80,-79,-81,-68,-77,-81,-93
G11,-84,-80,-79,-81,-67,-77,-82,-87
G11,-80,-82,-80,-80,-69,-77,-80,-87
G11,-82,-82,-80,-81,-69,-75,-81,-93
G11,-82,-81,-80,-78,-68,-78,-83,-93
G11,-81,-80,-79,-80,-66,-75,-91,-100
G11,-81,-81,-77,-81,-67,-77,-81,-90
G11,-81,-81,-78,-78,-65,-77,-83,-100
G11,-83,-81,-85,-82,-67,-84,-78,-93
G13,-78,-88,-79,-85,-68,-85,-87,-88
G13,-79,-89,-79,-87,-69,-85,-100,-100
G13,-78,-87,-79,-86,-69,-86,-87,-86
G13,-80,-88,-81,-86,-69,-84,-85,-87
G13,-78,-90,-79,-86,-69,-84,-85,-89
G13,-80,-89,-81,-88,-70,-85,-87,-87
G13,-80,-89,-80,-85,-68,-82,-85,-87
G13,-79,-87,-81,-89,-71,-87,-86,-87
G13,-100,-100,-100,-100,-69,-100,-100,-100
G13,-100,-100,-81,-100,-68,-84,-85,-100
G13,-81,-88,-81,-100,-69,-85,-86,-87
G13,-80,-87,-80,-85,-69,-79,-83,-86
G13,-80,-89,-80,-84,-68,-84,-83,-87
G13,-80,-88,-82,-90,-69,-86,-85,-87
G13,-80,-90,-83,-88,-69,-85,-86,-87
G13,-78,-88,-83,-88,-70,-84,-85,-86
G13,-80,-87,-82,-93,-69,-86,-84,-86
G13,-80,-88,-80,-87,-69,-85,-84,-87
G13,-80,-100,-82,-100,-69,-85,-87,-86
G13,-78,-88,-81,-88,-68,-81,-83,-88
G13,-79,-89,-81,-87,-69,-86,-87,-85
G13,-81,-88,-81,-87,-69,-83,-85,-84
G13,-80,-90,-81,-86,-69,-88,-83,-84
G13,-80,-87,-83,-86,-69,-85,-85,-86
G13,-81,-88,-83,-90,-69,-84,-86,-84
G13,-81,-89,-82,-88,-68,-84,-85,-86
G13,-81,-89,-82,-88,-68,-85,-91,-85
G13,-81,-88,-81,-86,-69,-85,-86,-86
G13,-81,-87,-82,-87,-69,-83,-86,-87
G13,-78,-89,-82,-91,-68,-84,-86,-85
G13,-80,-89,-82,-94,-68,-86,-85,-87
G13,-81,-88,-83,-91,-68,-85,-86,-87
G13,-81,-88,-82,-100,-68,-87,-84,-86
G13,-81,-88,-82,-84,-68,-86,-85,-86
G13,-81,-88,-83,-89,-69,-86,-83,-86
G13,-82,-88,-84,-88,-69,-83,-84,-89
G13,-81,-88,-83,-90,-68,-86,-85,-85
G13,-80,-88,-83,-86,-71,-85,-85,-87
G13,-81,-88,-87,-85,-67,-87,-85,-83
G13,-82,-89,-84,-86,-69,-86,-86,-87
G13,-82,-90,-82,-90,-69,-87,-100,-83
G13,-81,-88,-83,-89,-69,-86,-86,-87
G13,-81,-89,-83,-91,-69,-87,-87,-88
G13,-78,-100,-82,-91,-69,-83,-85,-90
G13,-80,-86,-83,-87,-68,-85,-85,-86
G13,-80,-87,-82,-85,-69,-86,-85,-85
G13,-79,-87,-79,-86,-69,-82,-86,-87
G13,-79,-87,-82,-87,-68,-85,-82,-86
G13,-87,-92,-84,-100,-70,-85,-84,-87
G13,-81,-91,-83,-100,-69,-86,-83,-88
G15,-67,-78,-77,-72,-65,-73,-80,-78
G15,-68,-79,-77,-72,-69,-71,-80,-78
G15,-68,-75,-79,-72,-69,-77,-78,-75
G15,-68,-78,-78,-73,-69,-72,-78,-79
G15,-66,-77,-77,-72,-70,-71,-78,-78
G15,-65,-77,-77,-71,-69,-78,-78,-78
G15,-68,-78,-77,-70,-69,-100,-78,-79
G15,-66,-77,-79,-70,-71,-74,-78,-78
G15,-68,-79,-76,-73,-72,-73,-78,-80
G15,-69,-79,-79,-73,-71,-74,-79,-80
G15,-66,-79,-80,-72,-68,-74,-79,-81
G15,-67,-78,-81,-73,-70,-74,-78,-81
G15,-68,-79,-79,-72,-70,-74,-76,-79
G15,-66,-77,-78,-72,-66,-72,-78,-79
G15,-65,-77,-78,-72,-68,-72,-77,-78
G15,-65,-78,-77,-72,-68,-69,-77,-79
G15,-67,-77,-77,-71,-67,-77,-77,-79
G15,-66,-78,-78,-72,-68,-72,-76,-75
G15,-67,-78,-78,-70,-68,-71,-74,-79
G15,-68,-79,-79,-71,-69,-74,-79,-80
G15,-66,-78,-79,-70,-69,-70,-78,-75
G15,-68,-77,-77,-70,-69,-72,-77,-78
G15,-72,-77,-77,-72,-77,-70,-78,-79
G15,-68,-77,-77,-71,-70,-72,-78,-79
G15,-67,-78,-77,-71,-67,-73,-75,-79
G15,-66,-78,-78,-72,-70,-73,-78,-78
G15,-70,-78,-78,-72,-70,-73,-77,-79
G15,-68,-79,-75,-69,-70,-73,-78,-80
G15,-69,-78,-77,-73,-69,-74,-76,-79
G15,-69,-78,-78,-70,-69,-72,-76,-78
G15,-69,-78,-77,-72,-67,-73,-100,-79
G15,-69,-79,-78,-78,-72,-73,-78,-78
G15,-67,-78,-79,-68,-70,-73,-78,-76
G15,-65,-79,-78,-71,-70,-73,-77,-79
G15,-68,-80,-80,-77,-71,-74,-79,-80
G15,-67,-79,-77,-72,-69,-74,-79,-79
G15,-68,-80,-79,-76,-67,-74,-100,-81
G15,-68,-100,-79,-100,-72,-72,-100,-80
G15,-67,-79,-80,-73,-70,-73,-79,-80
G15,-66,-80,-79,-76,-71,-72,-79,-80
G15,-67,-75,-78,-70,-70,-79,-79,-79
G15,-66,-77,-80,-71,-72,-74,-80,-76
G15,-66,-77,-78,-78,-70,-73,-79,-80
G15,-65,-79,-77,-73,-70,-74,-79,-100
G15,-68,-77,-78,-73,-67,-72,-78,-76
G15,-63,-78,-77,-73,-69,-79,-78,-78
G15,-67,-76,-77,-72,-68,-73,-77,-78
G15,-66,-78,-78,-72,-70,-70,-77,-77
G15,-66,-79,-76,-72,-70,-73,-78,-78
G15,-67,-77,-76,-67,-68,-70,-77,-78
G17,-77,-84,-74,-77,-64,-78,-74,-72
G17,-78,-84,-76,-78,-66,-81,-79,-81
G17,-78,-84,-76,-78,-64,-80,-78,-74
G17,-76,-83,-74,-75,-64,-78,-76,-72
G17,-76,-84,-74,-100,-64,-78,-75,-78
G17,-79,-82,-77,-77,-65,-80,-76,-77
G17,-77,-85,-75,-73,-64,-78,-77,-72
G17,-74,-85,-74,-76,-65,-78,-76,-73
G17,-79,-85,-76,-78,-67,-82,-80,-72
G17,-73,-100,-74,-75,-63,-77,-77,-72
G17,-77,-85,-75,-77,-67,-80,-80,-79
G17,-73,-83,-74,-76,-64,-79,-78,-77
G17,-73,-85,-73,-78,-64,-79,-77,-79
G17,-78,-85,-76,-76,-64,-78,-79,-72
G17,-76,-86,-75,-77,-65,-78,-78,-71
G17,-76,-84,-75,-77,-65,-77,-78,-71
G17,-77,-83,-76,-74,-65,-78,-78,-73
G17,-77,-83,-75,-75,-65,-78,-79,-78
G17,-77,-84,-73,-77,-64,-80,-78,-72
G17,-76,-85,-74,-78,-65,-79,-78,-74
G17,-75,-84,-72,-75,-65,-80,-77,-73
G17,-75,-84,-76,-79,-65,-79,-77,-75
G17,-78,-85,-75,-77,-65,-80,-74,-74
G17,-75,-84,-73,-78,-64,-79,-76,-80
G17,-79,-85,-74,-79,-64,-79,-77,-70
G17,-79,-84,-73,-78,-65,-78,-76,-74
G17,-78,-83,-76,-78,-64,-79,-77,-72
G17,-78,-83,-75,-76,-64,-78,-74,-73
G17,-78,-84,-75,-78,-64,-78,-76,-79
G17,-78,-84,-75,-79,-65,-78,-80,-74
G17,-76,-85,-74,-78,-65,-78,-76,-72
G17,-77,-85,-75,-78,-65,-79,-72,-79
G17,-77,-84,-74,-78,-65,-78,-76,-73
G17,-77,-85,-75,-77,-65,-79,-77,-73
G17,-78,-85,-76,-78,-65,-79,-77,-73
G17,-78,-86,-73,-78,-65,-79,-78,-74
G17,-77,-85,-73,-78,-65,-79,-77,-70
G17,-76,-85,-74,-76,-66,-80,-78,-79
G17,-78,-85,-75,-77,-66,-80,-77,-79
G17,-78,-82,-73,-77,-66,-79,-78,-74
G17,-78,-84,-75,-77,-66,-80,-78,-78
G17,-77,-84,-74,-77,-66,-80,-77,-74
G17,-79,-84,-75,-78,-65,-80,-78,-72
G17,-77,-84,-75,-76,-65,-79,-77,-73
G17,-76,-83,-75,-76,-65,-79,-78,-72
G17,-77,-83,-76,-76,-64,-79,-77,-74
G17,-79,-83,-75,-77,-65,-79,-78,-74
G17,-77,-83,-76,-74,-65,-84,-77,-73
G17,-77,-84,-74,-72,-61,-82,-76,-73
G17,-77,-84,-74,-78,-65,-80,-77,-74
G19,-61,-85,-84,-84,-70,-100,-83,-85
G19,-61,-77,-83,-84,-70,-93,-83,-85
G19,-62,-80,-85,-84,-70,-91,-82,-86
G19,-61,-81,-81,-86,-70,-100,-83,-85
G19,-62,-85,-81,-85,-70,-100,-83,-84
G19,-62,-81,-85,-84,-70,-100,-83,-85
G19,-62,-80,-84,-84,-69,-92,-84,-84
G19,-62,-81,-83,-85,-69,-94,-83,-84
G19,-61,-78,-84,-85,-70,-100,-84,-84
G19,-61,-79,-85,-85,-70,-92,-100,-85
G19,-61,-80,-82,-85,-69,-91,-83,-85
G19,-62,-81,-83,-84,-70,-93,-83,-85
G19,-61,-78,-83,-86,-69,-93,-84,-85
G19,-61,-80,-84,-86,-69,-92,-83,-85
G19,-61,-81,-80,-85,-69,-92,-83,-85
G19,-61,-81,-83,-87,-69,-93,-83,-85
G19,-60,-80,-84,-85,-69,-100,-82,-86
G19,-61,-80,-84,-86,-69,-100,-83,-83
G19,-61,-78,-86,-86,-69,-100,-82,-85
G19,-61,-80,-84,-84,-69,-100,-81,-84
G19,-61,-81,-85,-87,-72,-100,-82,-82
G19,-61,-81,-85,-86,-70,-92,-80,-86
G19,-62,-80,-82,-85,-69,-100,-83,-85
G19,-62,-80,-85,-85,-70,-100,-83,-84
G19,-61,-80,-84,-87,-70,-93,-84,-85
G19,-64,-80,-85,-86,-70,-100,-83,-85
G19,-61,-100,-84,-83,-71,-100,-100,-86
G19,-62,-80,-86,-85,-71,-100,-84,-87
G19,-61,-80,-84,-84,-70,-100,-83,-85
G19,-61,-80,-82,-85,-70,-100,-82,-88
G19,-62,-80,-81,-85,-69,-100,-80,-86
G19,-62,-80,-85,-85,-70,-100,-82,-85
G19,-61,-81,-85,-85,-70,-100,-82,-84
G19,-62,-81,-84,-85,-72,-100,-82,-85
G19,-62,-79,-85,-85,-70,-100,-81,-85
G19,-62,-81,-84,-85,-70,-93,-82,-85
G19,-62,-80,-84,-85,-70,-100,-83,-84
G19,-60,-80,-80,-84,-69,-93,-100,-86
G19,-62,-80,-85,-83,-70,-93,-81,-85
G19,-61,-81,-85,-86,-71,-91,-82,-86
G19,-62,-81,-87,-86,-69,-92,-82,-86
G19,-61,-81,-86,-85,-69,-91,-82,-81
G19,-61,-80,-86,-85,-70,-100,-83,-84
G19,-62,-81,-86,-85,-70,-100,-83,-92
G19,-62,-81,-87,-85,-70,-93,-81,-85
G19,-61,-79,-86,-83,-70,-95,-83,-86
G19,-62,-80,-86,-85,-69,-93,-83,-84
G19,-61,-80,-86,-85,-69,-91,-83,-87
G19,-61,-78,-85,-87,-69,-100,-83,-84
G19,-62,-80,-83,-85,-70,-100,-84,-82
I19,-76,-89,-82,-81,-70,-89,-93,-84
I19,-77,-89,-82,-81,-70,-91,-92,-83
I19,-76,-92,-83,-81,-70,-90,-100,-85
I19,-76,-89,-82,-81,-71,-90,-100,-83
I19,-75,-90,-81,-81,-70,-91,-93,-85
I19,-75,-91,-82,-81,-70,-87,-100,-84
I19,-76,-91,-82,-86,-71,-90,-94,-84
I19,-76,-100,-82,-79,-70,-89,-94,-84
I19,-75,-92,-81,-81,-71,-88,-92,-84
I19,-77,-90,-79,-79,-71,-89,-94,-85
I19,-77,-92,-81,-79,-70,-88,-92,-84
I19,-76,-93,-80,-79,-71,-89,-90,-84
I19,-76,-93,-81,-79,-71,-88,-94,-84
I19,-77,-92,-82,-79,-71,-90,-100,-85
I19,-77,-100,-82,-80,-72,-88,-92,-85
I19,-76,-91,-81,-77,-71,-89,-94,-83
I19,-74,-92,-81,-78,-72,-91,-92,-85
I19,-77,-92,-81,-80,-70,-87,-95,-85
I19,-77,-100,-80,-78,-71,-88,-93,-85
I19,-76,-90,-80,-79,-71,-90,-100,-85
I19,-76,-92,-82,-79,-70,-86,-93,-83
I19,-76,-92,-81,-80,-69,-88,-93,-82
I19,-76,-89,-81,-82,-71,-89,-96,-84
I19,-77,-91,-100,-80,-71,-90,-100,-85
I19,-76,-92,-82,-79,-70,-88,-94,-85
I19,-76,-89,-82,-79,-71,-100,-100,-86
I19,-78,-91,-81,-80,-70,-100,-100,-84
I19,-77,-100,-82,-81,-70,-90,-91,-91
I19,-77,-91,-81,-82,-71,-91,-91,-84
I19,-77,-90,-82,-80,-72,-90,-100,-85
I19,-77,-89,-82,-80,-71,-90,-100,-85
I19,-77,-94,-81,-79,-71,-91,-100,-85
I19,-77,-90,-81,-81,-71,-91,-100,-85
I19,-77,-90,-82,-81,-67,-90,-93,-84
I19,-77,-91,-81,-82,-71,-90,-94,-84
I19,-77,-91,-81,-81,-70,-91,-92,-86
I19,-77,-88,-84,-81,-70,-90,-100,-85
I19,-76,-91,-81,-83,-70,-91,-92,-85
I19,-78,-89,-81,-81,-71,-90,-100,-86
I19,-76,-87,-81,-80,-69,-89,-90,-84
I19,-77,-90,-80,-81,-70,-88,-100,-86
I19,-78,-90,-82,-81,-72,-91,-100,-85
I19,-77,-93,-81,-79,-71,-89,-94,-85
I19,-77,-100,-81,-81,-70,-90,-94,-85
I19,-77,-90,-82,-82,-70,-90,-100,-85
I19,-77,-92,-81,-81,-70,-92,-100,-86
I19,-76,-92,-83,-81,-70,-91,-100,-85
I19,-76,-89,-81,-80,-72,-92,-100,-85
I19,-75,-90,-81,-81,-70,-91,-100,-84
I19,-74,-90,-82,-79,-70,-91,-100,-85
I17,-71,-93,-83,-89,-73,-84,-80,-83
I17,-70,-89,-82,-83,-75,-84,-79,-83
I17,-70,-94,-83,-89,-74,-85,-79,-86
I17,-74,-91,-79,-89,-74,-81,-80,-83
I17,-71,-90,-82,-88,-76,-86,-79,-83
I17,-71,-91,-82,-90,-75,-84,-81,-83
I17,-72,-92,-83,-85,-72,-84,-77,-81
I17,-71,-94,-81,-85,-77,-85,-79,-82
I17,-71,-91,-82,-87,-76,-85,-78,-84
I17,-71,-91,-83,-84,-74,-85,-79,-83
I17,-71,-90,-82,-87,-74,-86,-78,-83
I17,-71,-91,-82,-87,-75,-86,-79,-82
I17,-70,-92,-82,-86,-73,-85,-80,-84
I17,-71,-92,-82,-86,-72,-85,-80,-82
I17,-70,-92,-82,-85,-74,-86,-78,-83
I17,-71,-92,-84,-84,-71,-86,-81,-83
I17,-70,-89,-84,-87,-75,-86,-81,-83
I17,-72,-89,-84,-86,-74,-87,-81,-83
I17,-71,-92,-82,-89,-77,-86,-81,-82
I17,-71,-90,-83,-87,-74,-87,-81,-82
I17,-71,-88,-82,-100,-74,-85,-79,-84
I17,-71,-89,-84,-85,-72,-85,-80,-83
I17,-70,-90,-83,-81,-72,-85,-81,-84
I17,-71,-89,-84,-91,-73,-83,-80,-85
I17,-71,-92,-82,-81,-74,-86,-79,-84
I17,-72,-92,-82,-81,-73,-84,-80,-84
I17,-72,-95,-82,-81,-75,-85,-82,-83
I17,-72,-94,-82,-81,-73,-83,-83,-82
I17,-71,-95,-83,-82,-73,-84,-82,-84
I17,-71,-92,-82,-81,-73,-83,-79,-82
I17,-71,-94,-81,-86,-73,-85,-81,-83
I17,-71,-100,-81,-82,-73,-86,-78,-83
I17,-71,-93,-82,-85,-72,-83,-79,-82
I17,-72,-91,-83,-85,-72,-85,-80,-85
I17,-73,-94,-81,-91,-73,-83,-79,-83
I17,-71,-90,-81,-81,-75,-85,-77,-87
I17,-69,-92,-80,-100,-74,-85,-80,-83
I17,-70,-91,-82,-90,-76,-85,-82,-81
I17,-69,-92,-83,-92,-75,-85,-82,-81
I17,-71,-92,-82,-88,-73,-85,-91,-82
I17,-67,-100,-82,-94,-74,-86,-78,-82
I17,-69,-91,-82,-92,-74,-87,-83,-82
I17,-68,-92,-100,-93,-71,-85,-82,-87
I17,-70,-90,-83,-91,-75,-87,-83,-83
I17,-68,-89,-82,-93,-74,-85,-78,-82
I17,-70,-89,-80,-86,-74,-86,-81,-82
I17,-69,-91,-82,-82,-74,-84,-79,-84
I17,-70,-92,-85,-78,-74,-84,-81,-83
I17,-70,-91,-83,-81,-73,-85,-85,-80
I17,-71,-93,-81,-81,-77,-86,-79,-86
I15,-73,-85,-79,-84,-61,-89,-71,-91
I15,-73,-85,-80,-83,-61,-91,-71,-89
I15,-73,-85,-79,-83,-61,-100,-71,-90
I15,-71,-85,-77,-83,-56,-100,-70,-91
I15,-74,-84,-78,-84,-61,-87,-71,-88
I15,-72,-83,-79,-81,-62,-89,-72,-88
I15,-74,-82,-80,-86,-61,-88,-70,-88
I15,-78,-84,-74,-79,-67,-100,-76,-92
I15,-73,-85,-79,-84,-61,-90,-73,-89
I15,-73,-84,-78,-85,-65,-91,-72,-89
I15,-73,-85,-79,-84,-62,-90,-72,-91
I15,-79,-85,-79,-85,-66,-88,-71,-88
I15,-73,-86,-79,-86,-62,-92,-71,-89
I15,-70,-85,-80,-85,-62,-90,-74,-100
I15,-100,-85,-79,-84,-62,-91,-72,-92
I15,-73,-84,-80,-100,-61,-89,-76,-100
I15,-73,-85,-80,-85,-61,-91,-76,-100
I15,-73,-91,-79,-85,-62,-90,-71,-88
I15,-73,-84,-81,-83,-61,-90,-72,-90
I15,-73,-83,-79,-85,-61,-91,-73,-91
I15,-73,-83,-77,-84,-62,-100,-71,-90
I15,-72,-84,-78,-84,-61,-88,-71,-90
I15,-72,-84,-78,-82,-61,-90,-72,-90
I15,-72,-84,-79,-83,-61,-89,-71,-89
I15,-72,-84,-78,-87,-61,-89,-69,-88
I15,-72,-84,-78,-100,-61,-89,-71,-100
I15,-72,-86,-76,-83,-61,-87,-72,-88
I15,-72,-85,-79,-84,-62,-91,-68,-88
I15,-71,-85,-79,-83,-61,-87,-71,-87
I15,-73,-84,-82,-85,-62,-90,-74,-92
I15,-73,-85,-78,-85,-60,-88,-69,-87
I15,-73,-90,-80,-100,-62,-87,-73,-89
I15,-75,-87,-79,-88,-63,-90,-74,-91
I15,-75,-83,-80,-80,-64,-94,-76,-88
I15,-74,-85,-86,-74,-66,-91,-72,-90
I15,-73,-85,-77,-80,-63,-89,-71,-89
I15,-72,-83,-76,-77,-61,-89,-69,-86
I15,-70,-86,-76,-76,-61,-90,-71,-88
I15,-73,-84,-77,-86,-62,-89,-71,-89
I15,-73,-86,-77,-77,-61,-91,-71,-89
I15,-73,-85,-78,-80,-62,-90,-70,-88
I15,-77,-83,-77,-72,-61,-90,-72,-88
I15,-74,-84,-77,-89,-62,-89,-71,-89
I15,-72,-84,-78,-100,-61,-91,-71,-100
I15,-72,-84,-78,-80,-60,-89,-71,-88
I15,-73,-84,-79,-86,-61,-91,-71,-89
I15,-72,-84,-78,-87,-60,-88,-71,-87
I15,-73,-85,-76,-80,-61,-85,-72,-88
I15,-72,-84,-79,-82,-61,-90,-70,-88
I15,-73,-85,-78,-78,-61,-90,-71,-88
I13,-76,-85,-81,-73,-66,-84,-84,-91
I13,-79,-89,-84,-82,-68,-91,-84,-100
I13,-80,-89,-83,-71,-68,-84,-79,-100
I13,-80,-89,-86,-71,-69,-84,-81,-90
I13,-78,-91,-84,-74,-67,-82,-81,-100
I13,-82,-91,-83,-75,-69,-81,-83,-100
I13,-81,-100,-84,-74,-67,-83,-81,-100
I13,-72,-88,-82,-78,-67,-81,-82,-91
I13,-80,-88,-82,-82,-68,-82,-82,-100
I13,-80,-89,-83,-80,-67,-82,-82,-100
I13,-80,-90,-83,-80,-68,-83,-82,-100
I13,-82,-89,-80,-78,-67,-83,-82,-94
I13,-79,-89,-87,-74,-69,-82,-81,-91
I13,-76,-90,-83,-73,-68,-82,-81,-88
I13,-73,-90,-85,-77,-67,-84,-81,-100
I13,-78,-90,-84,-76,-68,-83,-80,-100
I13,-78,-90,-85,-73,-68,-80,-81,-100
I13,-78,-90,-83,-77,-70,-83,-82,-100
I13,-76,-90,-82,-81,-66,-81,-82,-100
I13,-77,-89,-84,-86,-68,-82,-81,-100
I13,-79,-100,-85,-79,-67,-82,-81,-100
I13,-79,-90,-84,-82,-68,-81,-83,-100
I13,-77,-93,-83,-82,-68,-80,-82,-91
I13,-77,-89,-84,-84,-67,-83,-81,-100
I13,-79,-92,-84,-72,-67,-82,-82,-94
I13,-79,-100,-86,-75,-68,-83,-82,-100
I13,-79,-93,-84,-74,-68,-83,-84,-100
I13,-78,-91,-84,-76,-68,-82,-82,-96
I13,-76,-91,-84,-75,-69,-80,-83,-100
I13,-100,-89,-82,-75,-70,-82,-100,-100
I13,-76,-91,-83,-74,-67,-81,-81,-92
I13,-79,-95,-85,-76,-70,-85,-82,-92
I13,-79,-90,-84,-76,-71,-82,-82,-92
I13,-80,-93,-82,-75,-69,-84,-82,-94
I13,-79,-92,-83,-76,-69,-85,-84,-92
I13,-77,-93,-83,-76,-68,-84,-83,-89
I13,-77,-90,-86,-76,-67,-84,-82,-91
I13,-81,-92,-84,-76,-69,-82,-83,-92
I13,-80,-100,-82,-83,-68,-82,-81,-100
I13,-80,-91,-81,-84,-69,-84,-84,-90
I13,-79,-100,-83,-92,-69,-84,-83,-100
I13,-84,-91,-84,-74,-69,-82,-83,-92
I13,-80,-90,-86,-76,-73,-84,-84,-92
I13,-78,-92,-84,-73,-69,-84,-100,-92
I13,-78,-93,-84,-75,-69,-83,-83,-100
I13,-80,-90,-82,-75,-71,-84,-81,-100
I13,-79,-90,-84,-75,-67,-83,-83,-93
I13,-80,-92,-86,-76,-68,-82,-82,-90
I13,-74,-89,-84,-76,-68,-84,-85,-91
I13,-80,-90,-83,-75,-68,-82,-82,-92
I11,-76,-92,-79,-80,-67,-77,-91,-87
I11,-79,-89,-78,-81,-65,-83,-85,-85
I11,-79,-88,-79,-80,-66,-77,-91,-87
I11,-77,-89,-78,-81,-64,-75,-100,-88
I11,-78,-88,-78,-82,-71,-74,-88,-85
I11,-81,-88,-77,-83,-70,-77,-88,-85
I11,-80,-90,-78,-76,-68,-76,-100,-88
I11,-77,-89,-78,-81,-67,-77,-91,-86
I11,-77,-90,-75,-81,-69,-76,-88,-87
I11,-78,-85,-78,-82,-69,-77,-91,-87
I11,-74,-86,-78,-81,-69,-74,-91,-84
I11,-79,-89,-78,-81,-69,-75,-89,-87
I11,-78,-89,-78,-80,-71,-76,-91,-87
I11,-77,-90,-78,-81,-69,-76,-89,-86
I11,-77,-88,-78,-81,-69,-76,-90,-87
I11,-77,-91,-78,-79,-67,-77,-88,-87
I11,-77,-89,-76,-79,-70,-76,-89,-86
I11,-78,-89,-78,-80,-69,-75,-88,-86
I11,-79,-92,-80,-82,-71,-81,-90,-88
I11,-75,-93,-80,-79,-69,-76,-86,-86
I11,-77,-90,-79,-80,-67,-77,-100,-87
I11,-77,-92,-79,-79,-68,-76,-87,-87
I11,-79,-90,-80,-80,-67,-77,-91,-88
I11,-77,-91,-79,-79,-68,-75,-89,-85
I11,-79,-90,-80,-78,-67,-77,-93,-86
I11,-77,-93,-78,-80,-70,-78,-90,-84
I11,-78,-91,-78,-81,-67,-77,-87,-86
I11,-76,-92,-73,-80,-66,-77,-89,-85
I11,-73,-90,-78,-80,-70,-76,-89,-86
I11,-75,-92,-79,-80,-68,-77,-88,-85
I11,-77,-90,-76,-81,-69,-80,-89,-86
I11,-76,-95,-78,-80,-100,-78,-87,-85
I11,-79,-92,-78,-80,-69,-78,-88,-87
I11,-81,-97,-80,-80,-69,-75,-89,-88
I11,-77,-92,-78,-78,-66,-77,-89,-86
I11,-79,-91,-76,-78,-68,-76,-87,-86
I11,-80,-91,-77,-80,-71,-77,-89,-87
I11,-81,-87,-77,-81,-70,-78,-89,-87
I11,-77,-86,-79,-78,-69,-76,-92,-84
I11,-76,-92,-76,-79,-68,-77,-90,-86
I11,-77,-84,-78,-78,-69,-77,-88,-86
I11,-77,-87,-79,-79,-69,-76,-91,-86
I11,-78,-89,-78,-80,-73,-75,-89,-89
I11,-77,-91,-79,-78,-69,-77,-88,-85
I11,-76,-88,-79,-78,-69,-77,-87,-84
I11,-75,-90,-79,-79,-71,-76,-88,-87
I11,-77,-89,-79,-79,-69,-80,-86,-86
I11,-80,-91,-79,-76,-71,-79,-92,-88
I11,-80,-92,-79,-82,-71,-77,-89,-85
I11,-80,-92,-80,-84,-70,-79,-90,-85
