Output,CSG518-1,CSG518-2,CSG518-3,CSG518-4,CSG518-5,CSG518-6,CSG518-7,CSG518-8
a11,-81,-90,-65,-81,-65,-89,-73,-1
a11,-77,-92,-69,-82,-64,-85,-70,-93
a11,-79,-93,-67,-79,-64,-92,-72,-94
a11,-75,-90,-68,-80,-65,-85,-69,-94
a11,-76,-92,-68,-79,-65,-89,-70,-96
a11,-75,-92,-71,-81,-63,-87,-70,-100
a11,-77,-90,-70,-83,-68,-90,-71,-100
a11,-74,-89,-71,-87,-73,-86,-68,-98
a11,-77,-88,-70,-87,-73,-83,-70,-94
a11,-73,-89,-71,-87,-73,-76,-77,-91
a11,-77,-91,-71,-85,-74,-88,-76,-96
a11,-75,-93,-70,-84,-70,-84,-75,-96
a11,-81,-88,-71,-82,-68,-90,-78,-95
a11,-83,-100,-71,-83,-68,-85,-74,-100
a11,-89,-89,-71,-86,-65,-83,-81,-89
a11,-87,-90,-74,-88,-66,-83,-76,-91
a11,-89,-89,-76,-91,-67,-83,-76,-93
a11,-91,-90,-73,-88,-65,-83,-76,-90
a11,-88,-90,-72,-86,-66,-85,-75,-90
a11,-82,-89,-74,-85,-66,-83,-73,-89
a11,-100,-89,-78,-87,-66,-82,-72,-90
a11,-73,-86,-72,-80,-66,-96,-71,-100
a11,-71,-89,-67,-83,-67,-71,-72,-88
a11,-70,-80,-66,-92,-69,-76,-67,-84
a11,-74,-88,-66,-96,-72,-71,-76,-89
a11,-77,-85,-65,-88,-67,-80,-69,-95
a11,-85,-88,-66,-86,-66,-79,-69,-94
a11,-85,-87,-66,-83,-66,-76,-68,-93
a11,-87,-88,-68,-86,-67,-81,-68,-93
a11,-86,-92,-68,-88,-66,-84,-67,-100
a11,-77,-94,-68,-83,-66,-81,-66,-93
a11,-78,-94,-68,-83,-63,-82,-67,-91
a11,-77,-94,-71,-82,-67,-83,-66,-91
a11,-79,-100,-67,-82,-66,-77,-66,-92
a11,-78,-93,-69,-83,-64,-78,-66,-91
a11,-76,-94,-65,-84,-63,-75,-67,-100
a11,-76,-92,-66,-86,-67,-73,-67,-94
a11,-77,-90,-66,-84,-68,-74,-68,-94
a11,-77,-89,-63,-85,-69,-75,-69,-94
a11,-76,-100,-63,-88,-67,-73,-67,-93
a11,-71,-90,-64,-86,-69,-75,-71,-93
a11,-76,-90,-62,-83,-69,-77,-70,-94
a11,-73,-90,-64,-86,-68,-75,-68,-93
a11,-76,-90,-63,-86,-66,-74,-68,-100
a11,-76,-90,-64,-89,-67,-73,-68,-92
a11,-78,-88,-64,-91,-66,-74,-67,-93
a11,-78,-85,-65,-93,-64,-72,-68,-100
a11,-76,-84,-64,-90,-68,-73,-68,-97
a11,-77,-86,-65,-93,-67,-72,-66,-96
a11,-77,-85,-65,-94,-65,-71,-67,-96
a11,-82,-86,-75,-89,-77,-82,-70,-92
a11,-83,-86,-75,-100,-78,-79,-68,-93
a11,-83,-86,-76,-97,-79,-80,-68,-93
a11,-80,-84,-72,-92,-75,-83,-71,-94
a11,-65,-76,-63,-82,-75,-72,-61,-84
a11,-68,-76,-59,-81,-75,-71,-62,-86
a11,-68,-76,-64,-81,-72,-71,-60,-86
a11,-69,-77,-63,-81,-72,-71,-61,-85
a11,-67,-74,-63,-79,-73,-74,-64,-85
a11,-67,-78,-58,-77,-73,-75,-66,-82
a11,-67,-77,-60,-77,-76,-73,-65,-83
a11,-66,-77,-61,-75,-77,-73,-66,-81
a11,-66,-79,-59,-79,-74,-76,-67,-81
a11,-66,-78,-61,-77,-76,-76,-66,-81
a11,-66,-77,-61,-77,-76,-74,-67,-81
a11,-66,-77,-60,-78,-78,-76,-66,-83
a11,-67,-80,-60,-77,-73,-77,-66,-83
a11,-67,-79,-60,-76,-74,-75,-65,-83
a11,-66,-80,-60,-79,-72,-72,-66,-82
a11,-66,-78,-61,-78,-73,-75,-66,-82
a11,-67,-77,-60,-75,-74,-75,-66,-79
a11,-66,-75,-60,-80,-77,-75,-68,-82
a11,-65,-77,-63,-78,-75,-72,-65,-81
a11,-67,-76,-59,-76,-70,-70,-63,-82
a11,-65,-77,-60,-76,-71,-71,-63,-80
a11,-66,-77,-60,-76,-70,-73,-64,-82
a11,-67,-76,-61,-78,-80,-71,-66,-80
a11,-70,-79,-62,-89,-69,-73,-60,-83
a11,-67,-79,-62,-80,-74,-77,-65,-82
a11,-67,-79,-58,-81,-79,-77,-65,-82
a11,-67,-80,-62,-83,-76,-77,-65,-81
a11,-68,-77,-62,-85,-80,-76,-66,-78
a11,-68,-78,-61,-82,-79,-78,-66,-81
a11,-68,-80,-62,-81,-80,-75,-70,-83
a11,-67,-79,-60,-81,-78,-82,-66,-81
a11,-68,-81,-62,-77,-76,-77,-64,-81
a11,-67,-77,-61,-77,-76,-73,-66,-81
a11,-66,-77,-62,-78,-74,-77,-66,-82
a11,-68,-79,-62,-80,-76,-82,-67,-80
a11,-67,-80,-63,-77,-77,-77,-64,-82
a11,-67,-80,-63,-78,-76,-76,-64,-83
a11,-66,-76,-63,-83,-76,-77,-65,-82
a11,-67,-78,-63,-82,-75,-75,-65,-82
a11,-66,-76,-63,-81,-78,-76,-66,-82
a11,-66,-77,-64,-80,-78,-75,-66,-83
a11,-67,-78,-61,-82,-79,-75,-66,-81
a11,-69,-78,-63,-81,-69,-80,-63,-81
a11,-72,-77,-65,-83,-80,-79,-65,-80
a11,-69,-86,-65,-79,-70,-90,-64,-80
a11,-72,-83,-65,-79,-70,-82,-67,-80
a11,-70,-80,-68,-75,-64,-75,-64,-84
a11,-82,-81,-59,-79,-67,-72,-64,-84
a11,-76,-85,-63,-80,-68,-70,-67,-83
a11,-77,-85,-65,-80,-68,-71,-68,-83
a11,-73,-82,-63,-80,-66,-72,-68,-82
a11,-75,-81,-65,-78,-66,-71,-66,-82
a11,-75,-83,-64,-78,-65,-72,-67,-80
a11,-76,-82,-64,-80,-66,-72,-67,-79
a11,-76,-83,-63,-80,-65,-70,-66,-81
a11,-76,-83,-65,-80,-64,-72,-68,-82
a11,-77,-83,-66,-79,-65,-71,-68,-81
a11,-78,-82,-67,-77,-65,-70,-66,-83
a11,-78,-84,-68,-77,-63,-71,-69,-81
a11,-79,-83,-67,-75,-65,-70,-69,-82
a11,-79,-83,-67,-75,-62,-70,-67,-81
a11,-79,-83,-67,-79,-63,-70,-68,-82
a11,-79,-83,-66,-78,-66,-71,-67,-81
a11,-79,-82,-67,-78,-66,-69,-65,-83
a11,-80,-83,-66,-77,-65,-71,-65,-81
a11,-80,-84,-67,-77,-62,-70,-67,-81
a11,-79,-84,-67,-77,-65,-70,-62,-81
a11,-79,-83,-65,-76,-65,-71,-65,-81
a11,-79,-84,-67,-75,-66,-70,-67,-82
a11,-74,-85,-69,-78,-67,-71,-67,-81
a11,-77,-84,-65,-80,-64,-72,-66,-83
a11,-76,-83,-64,-78,-64,-71,-66,-82
a11,-77,-84,-64,-78,-65,-72,-66,-82
a11,-77,-82,-65,-77,-65,-70,-67,-82
a11,-81,-77,-63,-78,-66,-71,-69,-82
a11,-67,-82,-71,-82,-61,-82,-66,-84
a11,-71,-84,-60,-77,-70,-76,-65,-81
a11,-73,-78,-65,-79,-64,-74,-64,-82
a11,-72,-83,-70,-79,-64,-73,-63,-83
a11,-72,-84,-70,-82,-65,-73,-63,-81
a11,-73,-83,-67,-79,-66,-73,-63,-83
a11,-73,-83,-67,-80,-66,-73,-65,-82
a11,-70,-84,-70,-83,-64,-73,-64,-82
a11,-75,-81,-68,-85,-69,-71,-64,-84
a11,-74,-81,-69,-82,-69,-71,-62,-87
a11,-73,-81,-70,-82,-69,-70,-62,-84
a11,-73,-82,-70,-82,-64,-71,-63,-85
a11,-73,-81,-70,-81,-69,-71,-62,-85
a11,-74,-78,-71,-84,-69,-72,-61,-84
a11,-73,-81,-69,-81,-72,-71,-62,-84
a11,-73,-80,-69,-83,-70,-72,-62,-85
a11,-71,-82,-67,-85,-69,-69,-63,-85
a11,-71,-81,-66,-82,-70,-71,-62,-87
a11,-73,-80,-68,-80,-69,-70,-63,-84
a11,-71,-82,-66,-83,-70,-71,-62,-85
a11,-74,-80,-70,-83,-69,-71,-63,-84
a11,-68,-82,-65,-78,-62,-73,-59,-82
a11,-80,-83,-65,-73,-72,-79,-66,-89
a11,-77,-100,-63,-78,-69,-72,-71,-82
a11,-72,-83,-64,-79,-72,-69,-70,-81
a11,-70,-83,-63,-80,-71,-69,-72,-82
a11,-67,-81,-63,-82,-72,-69,-70,-83
a11,-70,-83,-64,-80,-70,-70,-70,-80
a11,-74,-91,-62,-82,-66,-71,-67,-86
a11,-75,-82,-59,-79,-67,-72,-62,-87
a11,-73,-81,-61,-78,-64,-74,-65,-87
a11,-74,-82,-62,-78,-67,-76,-68,-100
a11,-74,-84,-61,-78,-70,-75,-69,-93
a11,-70,-83,-62,-79,-67,-70,-63,-87
a11,-69,-84,-60,-79,-67,-70,-63,-88
a11,-70,-85,-62,-80,-67,-70,-64,-89
a11,-71,-84,-62,-79,-67,-70,-64,-91
a11,-70,-81,-64,-85,-68,-68,-66,-90
a11,-69,-81,-63,-83,-67,-69,-65,-91
a11,-69,-83,-65,-82,-67,-67,-66,-92
a11,-70,-84,-64,-82,-68,-68,-67,-92
a11,-69,-83,-63,-82,-68,-68,-64,-94
a11,-70,-83,-64,-81,-69,-68,-67,-93
a11,-69,-82,-64,-80,-68,-69,-64,-94
a11,-72,-84,-64,-82,-69,-68,-63,-93
a11,-69,-83,-64,-82,-68,-67,-66,-93
a11,-70,-84,-64,-80,-68,-68,-64,-100
a11,-70,-83,-64,-83,-67,-64,-66,-100
a11,-70,-84,-63,-84,-68,-67,-63,-95
a11,-70,-84,-63,-82,-68,-68,-66,-100
a11,-71,-87,-64,-81,-65,-64,-64,-93
a11,-70,-85,-63,-81,-68,-65,-64,-95
a11,-70,-100,-66,-83,-68,-68,-66,-100
a11,-69,-85,-62,-81,-67,-67,-63,-95
a11,-75,-90,-66,-83,-69,-63,-68,-100
a11,-72,-84,-63,-88,-69,-69,-65,-100
a11,-76,-82,-63,-81,-68,-69,-67,-91
a11,-74,-81,-65,-85,-67,-69,-63,-90
a11,-70,-79,-65,-83,-63,-68,-71,-88
a11,-73,-87,-67,-83,-67,-68,-68,-88
a11,-72,-87,-65,-82,-67,-66,-69,-88
a11,-71,-85,-68,-82,-67,-67,-68,-86
a11,-71,-84,-67,-83,-67,-65,-69,-87
a11,-71,-86,-64,-84,-67,-67,-69,-86
a11,-70,-84,-67,-84,-68,-68,-69,-87
a11,-73,-86,-66,-82,-66,-67,-69,-91
a11,-72,-87,-67,-82,-65,-67,-70,-88
a11,-72,-86,-67,-82,-67,-69,-68,-87
a11,-73,-85,-65,-81,-65,-66,-71,-88
a11,-70,-82,-68,-81,-67,-68,-71,-100
a11,-71,-80,-64,-84,-67,-67,-68,-90
a12,-75,-79,-61,-83,-66,-74,-68,-88
a12,-78,-82,-65,-77,-65,-74,-74,-89
a12,-79,-82,-64,-75,-65,-76,-72,-90
a12,-78,-83,-66,-75,-64,-77,-72,-89
a12,-78,-85,-66,-75,-66,-79,-74,-90
a12,-77,-86,-67,-76,-64,-79,-72,-90
a12,-78,-85,-63,-76,-65,-78,-72,-88
a12,-77,-87,-67,-76,-64,-80,-73,-91
a12,-78,-83,-70,-76,-65,-79,-71,-89
a12,-77,-83,-66,-74,-64,-79,-72,-90
a12,-77,-86,-65,-76,-65,-80,-74,-91
a12,-77,-86,-67,-76,-64,-78,-73,-89
a12,-78,-85,-66,-75,-65,-75,-78,-89
a12,-75,-83,-63,-74,-63,-70,-77,-87
a12,-82,-81,-63,-79,-66,-68,-72,-89
a12,-76,-82,-63,-76,-65,-66,-71,-89
a12,-76,-82,-62,-75,-66,-69,-76,-87
a12,-76,-81,-64,-76,-67,-68,-73,-87
a12,-76,-82,-63,-75,-66,-67,-74,-87
a12,-76,-82,-61,-73,-66,-68,-72,-88
a12,-77,-83,-63,-75,-66,-70,-75,-89
a12,-77,-85,-62,-75,-65,-68,-74,-87
a12,-77,-83,-64,-75,-65,-70,-75,-85
a12,-76,-84,-62,-74,-63,-68,-75,-87
a12,-77,-84,-60,-75,-65,-69,-73,-88
a12,-77,-83,-64,-75,-65,-68,-75,-89
a12,-76,-84,-63,-76,-64,-68,-74,-87
a12,-76,-84,-61,-76,-65,-68,-76,-88
a12,-76,-84,-61,-76,-65,-69,-76,-90
a12,-77,-82,-63,-76,-62,-67,-74,-88
a12,-76,-83,-64,-76,-64,-68,-73,-89
a12,-76,-83,-63,-76,-64,-69,-73,-88
a12,-75,-81,-63,-75,-66,-69,-72,-87
a12,-75,-84,-62,-72,-64,-66,-72,-88
a12,-76,-83,-63,-76,-65,-71,-75,-89
a12,-75,-83,-60,-76,-66,-69,-73,-87
a12,-76,-89,-63,-75,-65,-68,-73,-88
a12,-75,-82,-62,-77,-66,-69,-73,-88
a12,-76,-83,-62,-73,-65,-69,-74,-88
a12,-100,-82,-62,-75,-66,-69,-74,-88
a12,-76,-82,-64,-77,-66,-69,-75,-88
a12,-76,-84,-64,-76,-65,-69,-73,-87
a12,-75,-83,-63,-76,-65,-67,-75,-87
a12,-75,-82,-62,-74,-65,-69,-73,-88
a12,-77,-83,-63,-76,-64,-70,-75,-88
a12,-77,-82,-64,-76,-66,-69,-76,-88
a12,-76,-83,-62,-76,-65,-69,-73,-89
a12,-75,-83,-62,-76,-64,-67,-74,-89
a12,-76,-84,-63,-76,-66,-70,-74,-90
a12,-77,-84,-60,-75,-66,-69,-76,-89
,,,,,,,,
a12,-68,-78,-59,-78,-67,-71,-62,-83
a12,-65,-79,-59,-79,-68,-71,-63,-84
a12,-68,-80,-58,-77,-69,-70,-61,-83
a12,-69,-79,-59,-77,-68,-71,-64,-83
a12,-68,-79,-59,-78,-64,-71,-63,-85
a12,-68,-79,-60,-76,-69,-71,-64,-85
a12,-69,-84,-59,-77,-67,-70,-63,-84
a12,-68,-80,-59,-77,-68,-71,-63,-84
a12,-69,-79,-59,-77,-68,-70,-62,-83
a12,-69,-80,-59,-77,-68,-70,-62,-84
a12,-71,-79,-58,-77,-68,-71,-64,-83
a12,-68,-80,-58,-77,-68,-71,-64,-85
a12,-69,-79,-58,-76,-65,-69,-63,-87
a12,-69,-79,-59,-75,-69,-71,-61,-86
a12,-69,-80,-60,-77,-71,-71,-66,-86
a12,-68,-81,-58,-77,-69,-71,-63,-84
a12,-69,-79,-57,-76,-67,-70,-63,-86
a12,-69,-79,-58,-76,-65,-70,-63,-85
a12,-68,-80,-59,-77,-68,-72,-64,-84
a12,-70,-79,-59,-77,-68,-71,-65,-85
a12,-67,-80,-58,-76,-68,-71,-64,-83
a12,-69,-76,-60,-74,-67,-71,-64,-84
a12,-69,-79,-59,-77,-67,-70,-63,-84
a12,-66,-79,-60,-76,-70,-72,-63,-83
a12,-67,-78,-59,-78,-69,-70,-64,-85
a12,-67,-80,-60,-77,-67,-71,-64,-84
a12,-68,-77,-59,-77,-68,-69,-63,-83
a12,-68,-79,-59,-76,-69,-71,-63,-84
a12,-67,-77,-60,-76,-68,-72,-63,-84
a12,-67,-80,-57,-77,-68,-70,-63,-80
a12,-70,-79,-59,-78,-66,-70,-64,-83
a12,-66,-78,-59,-76,-68,-70,-64,-85
a12,-67,-77,-59,-76,-69,-71,-64,-87
a12,-68,-79,-60,-77,-69,-71,-66,-86
a12,-67,-77,-60,-77,-69,-70,-64,-83
a12,-68,-79,-58,-77,-68,-71,-64,-84
a12,-68,-77,-59,-78,-66,-71,-62,-85
a12,-67,-78,-58,-78,-69,-71,-62,-83
a12,-67,-77,-59,-78,-67,-71,-63,-85
a12,-68,-77,-64,-77,-69,-71,-64,-85
a12,-68,-78,-59,-74,-69,-71,-63,-84
a12,-67,-79,-58,-76,-68,-70,-62,-86
a12,-68,-79,-59,-76,-68,-71,-62,-85
a12,-68,-78,-59,-77,-69,-72,-64,-84
a12,-68,-78,-59,-78,-68,-72,-63,-84
a12,-68,-79,-59,-78,-67,-72,-63,-84
a12,-65,-79,-59,-76,-68,-72,-61,-84
a12,-65,-78,-59,-77,-68,-71,-62,-82
a12,-68,-78,-58,-77,-67,-70,-63,-83
a12,-66,-78,-60,-78,-68,-72,-64,-84
a12,-68,-100,-73,-72,-63,-67,-60,-86
a12,-67,-90,-73,-71,-64,-66,-63,-91
a12,-67,-87,-71,-73,-64,-64,-62,-87
a12,-67,-87,-71,-73,-63,-67,-63,-87
a12,-67,-87,-71,-72,-64,-67,-64,-88
a12,-68,-87,-71,-72,-63,-67,-64,-85
a12,-68,-87,-70,-72,-64,-65,-64,-86
a12,-67,-84,-71,-73,-64,-67,-64,-86
a12,-69,-89,-70,-72,-64,-67,-61,-85
a12,-69,-87,-71,-72,-61,-69,-64,-87
a12,-68,-86,-69,-72,-63,-67,-62,-86
a12,-67,-88,-70,-71,-63,-67,-61,-88
a12,-68,-87,-72,-74,-64,-66,-59,-84
a12,-68,-87,-71,-74,-64,-68,-60,-86
a12,-69,-88,-71,-75,-64,-69,-59,-85
a12,-68,-88,-71,-74,-65,-67,-60,-85
a12,-65,-87,-70,-75,-66,-70,-59,-85
a12,-66,-87,-69,-72,-63,-68,-62,-86
a12,-68,-89,-70,-74,-65,-68,-60,-85
a12,-68,-89,-68,-73,-66,-69,-60,-84
a12,-71,-85,-70,-77,-64,-68,-58,-85
a12,-67,-88,-71,-75,-64,-63,-59,-85
a12,-67,-90,-70,-71,-65,-69,-60,-83
a12,-70,-84,-66,-73,-68,-65,-71,-87
a12,-69,-84,-65,-71,-67,-66,-68,-88
a12,-70,-87,-66,-74,-70,-67,-72,-90
a12,-70,-86,-66,-74,-64,-60,-71,-89
a12,-69,-85,-63,-73,-68,-67,-71,-90
a12,-70,-86,-65,-73,-68,-67,-72,-89
a12,-69,-86,-65,-72,-67,-67,-72,-91
a12,-70,-85,-64,-72,-68,-67,-72,-91
a12,-67,-85,-66,-72,-67,-67,-71,-91
a12,-70,-85,-65,-72,-66,-67,-71,-93
a12,-70,-86,-62,-68,-68,-67,-70,-93
a12,-69,-85,-65,-74,-71,-64,-77,-93
a12,-70,-86,-65,-72,-66,-67,-70,-92
a12,-69,-86,-64,-72,-65,-66,-71,-94
a12,-69,-85,-64,-71,-65,-67,-70,-92
a12,-73,-84,-63,-71,-66,-67,-74,-92
a12,-71,-84,-62,-73,-66,-66,-73,-93
a12,-71,-84,-65,-72,-64,-67,-77,-93
a12,-71,-84,-65,-73,-65,-67,-76,-93
a12,-71,-85,-64,-73,-66,-67,-73,-90
a12,-72,-85,-64,-72,-72,-65,-70,-93
a12,-72,-84,-63,-73,-68,-66,-72,-92
a12,-71,-86,-63,-72,-71,-67,-75,-93
a12,-71,-85,-63,-72,-71,-66,-75,-93
a12,-68,-84,-64,-72,-70,-64,-76,-91
a12,-71,-85,-65,-72,-71,-66,-74,-92
a12,-72,-86,-64,-72,-71,-66,-73,-91
a12,-72,-78,-63,-85,-76,-71,-70,-91
a12,-71,-78,-63,-86,-75,-71,-67,-90
a12,-72,-76,-59,-85,-74,-67,-72,-91
a12,-71,-76,-60,-91,-69,-73,-71,-88
a12,-71,-77,-61,-88,-78,-73,-71,-90
a12,-69,-76,-63,-88,-76,-71,-66,-92
a12,-72,-75,-61,-88,-77,-70,-64,-93
a12,-72,-76,-60,-89,-76,-70,-70,-92
a12,-71,-73,-64,-88,-76,-71,-70,-91
a12,-72,-75,-63,-86,-76,-71,-69,-90
a12,-70,-76,-64,-87,-74,-71,-65,-95
a12,-70,-75,-64,-89,-75,-70,-65,-95
a12,-67,-74,-64,-91,-74,-69,-67,-95
a12,-69,-74,-62,-88,-74,-72,-67,-95
a12,-69,-74,-64,-90,-75,-72,-66,-96
a12,-70,-74,-64,-89,-75,-71,-65,-92
a12,-70,-71,-64,-89,-74,-71,-67,-92
a12,-70,-74,-64,-88,-75,-70,-66,-92
a12,-71,-74,-64,-89,-76,-70,-66,-93
a12,-71,-75,-64,-90,-77,-71,-65,-93
a12,-70,-74,-63,-89,-77,-70,-66,-95
a12,-68,-76,-62,-89,-77,-69,-64,-94
a12,-71,-74,-63,-89,-76,-71,-65,-96
a12,-71,-75,-64,-89,-76,-69,-65,-94
a12,-70,-73,-62,-89,-76,-70,-65,-95
a12,-70,-74,-61,-90,-77,-71,-66,-96
a12,-70,-73,-64,-90,-78,-70,-65,-96
a12,-71,-75,-62,-84,-80,-74,-63,-100
a12,-78,-75,-67,-84,-74,-75,-70,-91
a12,-68,-79,-64,-80,-75,-74,-61,-100
a12,-71,-76,-65,-84,-72,-74,-66,-94
a12,-72,-76,-62,-80,-73,-78,-64,-91
a12,-78,-77,-61,-83,-73,-73,-65,-93
a12,-75,-78,-63,-83,-70,-75,-71,-91
a12,-74,-73,-64,-91,-76,-74,-70,-94
a12,-70,-73,-62,-89,-71,-73,-73,-88
a12,-69,-74,-62,-89,-73,-73,-65,-93
a12,-69,-76,-65,-84,-80,-71,-60,-100
a12,-70,-77,-65,-87,-82,-72,-61,-100
a12,-70,-76,-58,-100,-73,-68,-69,-89
a12,-69,-76,-59,-89,-71,-64,-68,-88
a12,-71,-75,-58,-87,-71,-72,-65,-88
a12,-71,-76,-62,-88,-74,-71,-62,-100
a12,-72,-76,-66,-86,-76,-71,-62,-100
a12,-69,-75,-65,-82,-75,-74,-60,-94
a12,-69,-74,-64,-88,-75,-72,-64,-94
a12,-69,-74,-63,-85,-76,-71,-64,-94
a12,-68,-76,-58,-85,-78,-70,-65,-91
a12,-69,-76,-56,-84,-76,-69,-72,-90
a12,-68,-75,-57,-84,-72,-68,-76,-87
a13,-74,-82,-62,-71,-70,-71,-66,-83
a13,-75,-81,-65,-74,-63,-69,-64,-82
a13,-78,-78,-65,-70,-73,-70,-65,-82
a13,-77,-80,-66,-71,-70,-70,-61,-83
a13,-76,-81,-65,-70,-70,-70,-64,-82
a13,-76,-80,-65,-72,-71,-70,-62,-82
a13,-76,-81,-64,-72,-73,-70,-63,-83
a13,-77,-81,-66,-72,-76,-70,-63,-83
a13,-77,-78,-64,-68,-74,-71,-62,-83
a13,-74,-80,-66,-72,-72,-70,-62,-83
a13,-75,-78,-66,-73,-72,-68,-62,-84
a13,-75,-77,-66,-72,-74,-71,-63,-83
a13,-79,-80,-66,-75,-70,-71,-65,-86
a13,-67,-77,-68,-76,-67,-68,-63,-85
a13,-84,-75,-63,-72,-66,-85,-67,-86
a13,-70,-75,-71,-71,-73,-74,-63,-83
a13,-69,-76,-70,-74,-66,-72,-61,-83
a13,-69,-75,-67,-74,-68,-71,-63,-83
a13,-69,-76,-64,-74,-64,-75,-63,-84
a13,-69,-75,-68,-74,-65,-72,-61,-87
a13,-69,-75,-67,-75,-66,-71,-60,-84
a13,-68,-75,-67,-75,-66,-70,-61,-84
a13,-69,-75,-67,-72,-67,-71,-62,-85
a13,-71,-75,-66,-73,-64,-70,-60,-85
a13,-68,-75,-68,-75,-68,-72,-61,-85
a13,-70,-76,-67,-74,-68,-71,-61,-84
a13,-71,-75,-65,-73,-67,-71,-62,-82
a13,-71,-76,-67,-73,-68,-72,-61,-84
a13,-71,-77,-66,-72,-70,-71,-59,-83
a13,-70,-76,-67,-72,-72,-72,-64,-85
a13,-64,-74,-77,-75,-64,-69,-64,-87
a13,-68,-75,-69,-73,-67,-67,-62,-83
a13,-67,-76,-73,-74,-71,-70,-63,-85
a13,-70,-77,-76,-75,-67,-75,-62,-83
a13,-68,-78,-73,-75,-70,-72,-61,-85
a13,-69,-77,-71,-76,-68,-65,-63,-87
a13,-71,-89,-63,-78,-68,-75,-59,-84
a13,-68,-76,-69,-75,-70,-70,-62,-86
a13,-69,-73,-67,-75,-69,-68,-61,-83
a13,-69,-74,-66,-74,-70,-65,-60,-84
a13,-70,-73,-66,-74,-72,-70,-61,-82
a13,-69,-75,-68,-75,-70,-64,-61,-85
a13,-67,-73,-63,-75,-68,-64,-58,-83
a13,-71,-74,-66,-76,-70,-69,-61,-85
a13,-66,-74,-67,-74,-66,-68,-59,-84
a13,-67,-74,-67,-75,-68,-69,-61,-84
a13,-70,-75,-69,-74,-69,-69,-62,-83
a13,-69,-73,-68,-74,-66,-70,-59,-86
a13,-72,-72,-67,-72,-78,-69,-60,-84
a13,-71,-72,-67,-73,-76,-71,-60,-83
a13,-61,-74,-57,-69,-61,-66,-57,-82
a13,-61,-75,-56,-72,-61,-66,-56,-82
a13,-64,-76,-57,-70,-61,-66,-57,-82
a13,-60,-74,-55,-71,-61,-65,-55,-82
a13,-63,-75,-57,-69,-61,-66,-52,-83
a13,-63,-74,-59,-72,-61,-68,-56,-84
a13,-69,-74,-60,-72,-62,-69,-57,-87
a13,-64,-75,-61,-71,-60,-68,-58,-87
a13,-63,-75,-58,-72,-61,-68,-53,-84
a13,-63,-75,-60,-71,-62,-67,-56,-86
a13,-64,-75,-60,-72,-62,-66,-57,-85
a13,-64,-76,-60,-70,-61,-67,-53,-85
a13,-61,-74,-60,-71,-62,-67,-56,-85
a13,-62,-75,-60,-72,-59,-68,-56,-85
a13,-63,-75,-60,-72,-62,-67,-56,-85
a13,-64,-74,-59,-70,-58,-68,-57,-84
a13,-63,-75,-60,-72,-61,-66,-57,-83
a13,-63,-74,-59,-71,-59,-67,-57,-84
a13,-63,-74,-60,-70,-61,-67,-57,-84
a13,-63,-74,-60,-71,-61,-67,-57,-83
a13,-64,-74,-57,-72,-61,-68,-57,-84
a13,-63,-75,-60,-71,-60,-67,-56,-84
a13,-63,-74,-59,-71,-60,-66,-56,-85
a13,-62,-74,-56,-75,-61,-67,-57,-83
a13,-63,-74,-60,-72,-59,-67,-57,-83
a13,-64,-75,-59,-69,-61,-67,-56,-83
a13,-61,-74,-60,-70,-61,-68,-57,-84
a13,-64,-75,-60,-71,-60,-67,-57,-85
a13,-67,-74,-61,-70,-61,-66,-56,-84
a13,-63,-74,-56,-71,-61,-69,-57,-84
a13,-64,-75,-58,-71,-61,-66,-57,-83
a13,-63,-75,-60,-70,-60,-67,-57,-85
a13,-64,-74,-59,-73,-61,-65,-57,-83
a13,-63,-76,-60,-70,-61,-66,-57,-83
a13,-64,-76,-56,-70,-61,-67,-57,-85
a13,-63,-76,-61,-70,-61,-67,-56,-84
a13,-61,-75,-57,-71,-61,-67,-56,-86
a13,-64,-74,-58,-71,-61,-65,-55,-85
a13,-63,-75,-60,-72,-60,-68,-56,-84
a13,-64,-76,-60,-71,-57,-66,-56,-85
a13,-64,-75,-60,-70,-59,-67,-55,-85
a13,-64,-75,-57,-70,-62,-68,-57,-85
a13,-64,-75,-60,-72,-61,-68,-56,-85
a13,-64,-75,-61,-72,-62,-67,-55,-86
a13,-64,-74,-59,-70,-62,-66,-57,-84
a13,-63,-75,-59,-71,-60,-67,-55,-85
a13,-64,-74,-60,-72,-59,-67,-56,-82
a13,-63,-75,-60,-71,-60,-67,-57,-83
a13,-64,-75,-59,-70,-62,-69,-54,-85
a13,-62,-75,-60,-71,-61,-66,-56,-84
a13,-61,-82,-62,-68,-70,-69,-65,-91
a13,-65,-80,-62,-71,-72,-69,-65,-90
a13,-62,-81,-63,-72,-72,-70,-65,-91
a13,-65,-80,-61,-71,-70,-70,-63,-90
a13,-65,-80,-61,-71,-71,-70,-67,-90
a13,-65,-79,-61,-71,-70,-69,-67,-89
a13,-66,-80,-62,-71,-70,-69,-65,-88
a13,-62,-80,-62,-71,-70,-66,-66,-89
a13,-65,-80,-61,-71,-70,-69,-63,-89
a13,-65,-81,-61,-71,-71,-69,-66,-90
a13,-65,-80,-57,-70,-71,-69,-66,-91
a13,-63,-80,-63,-71,-70,-69,-67,-89
a13,-66,-80,-62,-71,-70,-66,-67,-91
a13,-65,-79,-60,-70,-69,-68,-67,-90
a13,-65,-80,-62,-72,-70,-69,-66,-88
a13,-64,-81,-59,-72,-69,-69,-66,-87
a13,-65,-80,-62,-72,-67,-69,-66,-89
a13,-66,-80,-62,-71,-69,-70,-62,-88
a13,-65,-80,-62,-71,-70,-69,-66,-88
a13,-62,-79,-61,-70,-69,-68,-63,-88
a13,-65,-79,-60,-72,-69,-70,-63,-90
a13,-65,-80,-62,-71,-69,-70,-64,-88
a13,-65,-80,-62,-70,-68,-71,-66,-88
a13,-65,-78,-61,-71,-69,-66,-66,-88
a13,-64,-80,-60,-71,-68,-69,-66,-89
a13,-66,-79,-62,-72,-66,-70,-66,-89
a13,-62,-79,-61,-71,-69,-70,-65,-88
a13,-63,-78,-62,-70,-70,-69,-65,-100
a13,-64,-77,-62,-71,-69,-70,-66,-87
a13,-64,-79,-62,-72,-69,-69,-64,-90
a13,-64,-80,-62,-72,-69,-69,-65,-89
a13,-63,-80,-61,-70,-69,-70,-65,-90
a13,-65,-80,-61,-71,-69,-71,-62,-89
a13,-65,-80,-61,-70,-69,-70,-66,-88
a13,-64,-80,-62,-72,-69,-66,-65,-88
a13,-64,-80,-62,-71,-69,-70,-66,-87
a13,-62,-81,-61,-71,-69,-70,-67,-87
a13,-64,-80,-61,-72,-69,-70,-65,-88
a13,-65,-80,-62,-71,-70,-67,-66,-89
a13,-63,-80,-62,-72,-70,-72,-66,-89
a13,-64,-81,-62,-71,-69,-69,-64,-90
a13,-65,-79,-62,-70,-70,-69,-64,-88
a13,-65,-79,-61,-72,-70,-70,-64,-87
a13,-65,-79,-62,-71,-70,-70,-63,-86
a13,-65,-79,-60,-68,-70,-70,-66,-88
a13,-63,-80,-61,-71,-70,-70,-65,-91
a13,-62,-79,-62,-71,-70,-66,-65,-89
a13,-66,-78,-61,-71,-68,-69,-64,-89
a13,-65,-79,-62,-70,-70,-69,-65,-91
a13,-65,-81,-61,-71,-70,-69,-65,-91
a13,-68,-80,-64,-82,-68,-64,-64,-88
a13,-66,-82,-69,-86,-71,-65,-61,-89
a13,-66,-82,-68,-85,-72,-64,-64,-89
a13,-66,-82,-67,-87,-71,-63,-64,-93
a13,-66,-82,-67,-85,-70,-63,-64,-88
a13,-66,-83,-67,-85,-73,-60,-65,-89
a13,-66,-83,-68,-86,-73,-63,-65,-89
a13,-66,-83,-67,-86,-100,-63,-64,-88
a13,-66,-83,-67,-87,-74,-62,-62,-89
a13,-66,-83,-67,-86,-75,-63,-64,-91
a13,-66,-83,-67,-84,-74,-62,-64,-91
a13,-66,-83,-67,-85,-71,-61,-62,-90
a13,-67,-83,-66,-84,-71,-63,-64,-92
a13,-66,-83,-68,-84,-71,-64,-65,-92
a13,-66,-82,-64,-85,-72,-63,-64,-92
a13,-65,-83,-67,-84,-72,-61,-65,-93
a13,-66,-83,-68,-83,-72,-64,-64,-92
a13,-66,-84,-67,-83,-72,-62,-64,-89
a13,-68,-83,-67,-85,-72,-63,-65,-91
a13,-66,-83,-67,-84,-73,-62,-65,-90
a13,-66,-82,-68,-84,-71,-62,-65,-91
a13,-66,-83,-67,-85,-73,-63,-64,-90
a13,-66,-83,-67,-83,-70,-63,-64,-90
a13,-66,-83,-67,-84,-73,-61,-65,-90
a13,-67,-84,-67,-85,-100,-61,-65,-90
a13,-67,-83,-67,-85,-72,-61,-64,-91
a13,-67,-82,-67,-84,-73,-62,-65,-100
a13,-64,-83,-67,-83,-72,-63,-64,-88
a13,-66,-84,-68,-85,-74,-63,-64,-90
a13,-63,-83,-67,-85,-73,-61,-64,-90
a13,-67,-83,-67,-83,-74,-63,-63,-90
a13,-65,-89,-67,-84,-74,-62,-64,-89
a13,-67,-83,-66,-86,-74,-62,-63,-87
a13,-67,-100,-66,-100,-73,-62,-64,-88
a13,-66,-83,-66,-85,-72,-63,-65,-91
a13,-67,-82,-67,-85,-72,-61,-65,-87
a13,-67,-83,-67,-85,-71,-62,-65,-88
a13,-66,-83,-66,-85,-72,-63,-62,-88
a13,-66,-82,-67,-86,-72,-61,-65,-87
a13,-67,-80,-66,-84,-72,-61,-65,-88
a13,-66,-82,-66,-83,-72,-63,-64,-88
a13,-65,-84,-67,-84,-72,-63,-65,-89
a13,-66,-83,-67,-85,-70,-64,-62,-90
a13,-67,-82,-66,-86,-71,-60,-62,-89
a13,-64,-81,-67,-85,-71,-61,-65,-89
a13,-66,-82,-66,-83,-71,-63,-66,-90
a13,-67,-83,-67,-85,-71,-63,-63,-89
a13,-67,-84,-65,-84,-70,-64,-64,-90
a13,-66,-82,-67,-85,-70,-63,-65,-90
a13,-66,-84,-67,-84,-70,-63,-63,-89
a14,-77,-78,-65,-73,-72,-79,-67,-92
a14,-68,-80,-63,-75,-70,-70,-66,-93
a14,-69,-82,-64,-75,-66,-70,-66,-94
a14,-72,-75,-64,-73,-66,-68,-58,-92
a14,-67,-77,-64,-77,-67,-66,-62,-93
a14,-67,-79,-64,-77,-67,-66,-60,-93
a14,-68,-77,-63,-76,-68,-66,-61,-94
a14,-68,-78,-63,-77,-70,-64,-61,-91
a14,-68,-78,-66,-76,-71,-64,-61,-94
a14,-68,-78,-62,-76,-74,-63,-58,-91
a14,-68,-77,-64,-76,-70,-66,-61,-94
a14,-68,-78,-64,-74,-71,-66,-59,-91
a14,-68,-78,-63,-78,-71,-66,-58,-94
a14,-69,-79,-65,-77,-70,-66,-61,-92
a14,-68,-78,-64,-76,-72,-64,-61,-93
a14,-68,-78,-63,-77,-71,-66,-60,-94
a14,-68,-79,-64,-76,-71,-66,-60,-92
a14,-67,-78,-64,-76,-72,-66,-61,-93
a14,-68,-78,-64,-77,-71,-66,-61,-93
a14,-68,-78,-61,-77,-68,-65,-60,-93
a14,-67,-78,-64,-77,-69,-63,-61,-96
a14,-68,-78,-64,-76,-69,-66,-60,-93
a14,-68,-78,-63,-77,-68,-65,-59,-93
a14,-68,-78,-63,-77,-69,-65,-61,-93
a14,-68,-77,-64,-77,-69,-66,-59,-93
a14,-67,-78,-64,-77,-68,-66,-60,-92
a14,-67,-78,-64,-78,-70,-67,-61,-93
a14,-65,-78,-64,-77,-70,-65,-60,-93
a14,-68,-78,-65,-77,-69,-65,-61,-93
a14,-67,-79,-64,-77,-69,-66,-61,-89
a14,-66,-78,-63,-77,-70,-66,-62,-92
a14,-66,-78,-64,-77,-69,-66,-61,-95
a14,-68,-78,-64,-78,-70,-66,-61,-93
a14,-66,-77,-64,-77,-69,-68,-61,-94
a14,-68,-79,-64,-77,-68,-64,-62,-92
a14,-68,-79,-64,-78,-70,-66,-59,-93
a14,-64,-79,-64,-78,-70,-66,-59,-92
a14,-68,-79,-61,-77,-69,-65,-62,-93
a14,-68,-78,-64,-78,-69,-64,-61,-95
a14,-68,-79,-64,-76,-68,-65,-61,-93
a14,-67,-78,-64,-77,-69,-66,-59,-94
a14,-68,-78,-64,-76,-70,-65,-61,-95
a14,-68,-77,-64,-76,-69,-66,-62,-93
a14,-69,-79,-62,-77,-68,-66,-60,-95
a14,-68,-78,-64,-76,-67,-66,-61,-93
a14,-68,-79,-63,-77,-67,-66,-61,-94
a14,-68,-79,-64,-77,-67,-66,-60,-96
a14,-68,-78,-63,-77,-67,-66,-61,-92
a14,-67,-79,-64,-77,-67,-65,-59,-91
a14,-68,-78,-63,-77,-66,-66,-61,-93
a14,-62,-77,-63,-79,-76,-81,-69,-87
a14,-64,-75,-62,-72,-74,-82,-62,-83
a14,-64,-75,-63,-78,-71,-83,-61,-82
a14,-64,-76,-62,-76,-72,-83,-58,-82
a14,-63,-75,-63,-77,-72,-82,-62,-83
a14,-62,-76,-63,-76,-70,-82,-61,-83
a14,-62,-75,-63,-77,-71,-83,-62,-83
a14,-62,-75,-63,-76,-71,-83,-61,-83
a14,-63,-76,-62,-78,-71,-82,-62,-83
a14,-63,-75,-63,-76,-71,-81,-62,-82
a14,-64,-75,-59,-77,-70,-82,-62,-84
a14,-64,-76,-63,-76,-69,-81,-60,-83
a14,-63,-75,-64,-78,-71,-79,-61,-84
a14,-63,-75,-61,-76,-70,-82,-62,-83
a14,-64,-76,-62,-77,-68,-83,-59,-83
a14,-63,-75,-63,-77,-70,-81,-62,-82
a14,-64,-73,-63,-77,-71,-82,-61,-83
a14,-63,-83,-63,-77,-69,-81,-59,-84
a14,-63,-75,-63,-76,-69,-82,-62,-81
a14,-63,-75,-62,-73,-72,-82,-62,-82
a14,-63,-77,-62,-78,-72,-84,-61,-83
a14,-63,-74,-62,-77,-70,-83,-62,-82
a14,-63,-76,-63,-77,-70,-83,-62,-83
a14,-64,-75,-63,-77,-71,-83,-62,-85
a14,-63,-76,-61,-77,-71,-82,-62,-82
a14,-64,-75,-61,-77,-71,-83,-62,-83
a14,-63,-76,-63,-77,-71,-82,-62,-83
a14,-65,-76,-61,-76,-73,-83,-62,-83
a14,-65,-76,-61,-75,-72,-82,-62,-82
a14,-63,-76,-63,-77,-69,-83,-62,-83
a14,-64,-74,-61,-77,-70,-82,-61,-83
a14,-63,-76,-63,-77,-70,-81,-62,-79
a14,-64,-75,-63,-76,-69,-82,-62,-83
a14,-63,-75,-62,-76,-71,-82,-61,-81
a14,-64,-76,-62,-77,-70,-82,-61,-83
a14,-63,-76,-63,-77,-70,-81,-56,-83
a14,-63,-77,-63,-77,-72,-82,-61,-83
a14,-63,-75,-63,-77,-69,-81,-62,-83
a14,-62,-76,-62,-78,-70,-81,-62,-79
a14,-64,-75,-63,-77,-70,-81,-62,-83
a14,-64,-77,-60,-75,-70,-82,-62,-82
a14,-63,-76,-61,-76,-70,-82,-62,-82
a14,-64,-76,-62,-79,-68,-80,-61,-83
a14,-63,-75,-62,-77,-72,-81,-58,-82
a14,-64,-70,-62,-77,-69,-81,-61,-83
a14,-63,-75,-61,-78,-69,-82,-61,-84
a14,-65,-76,-62,-75,-70,-82,-60,-83
a14,-62,-77,-63,-79,-71,-83,-60,-83
a14,-63,-76,-61,-80,-69,-82,-61,-83
a14,-63,-76,-63,-81,-71,-81,-59,-84
a14,-92,-78,-61,-91,-65,-84,-57,-90
a14,-69,-82,-58,-77,-63,-73,-65,-91
a14,-73,-88,-59,-80,-63,-71,-60,-91
a14,-86,-81,-59,-76,-64,-69,-64,-94
a14,-75,-85,-57,-77,-65,-69,-59,-89
a14,-72,-87,-62,-81,-69,-70,-60,-89
a14,-69,-77,-58,-78,-61,-72,-60,-94
a14,-70,-77,-56,-80,-61,-74,-58,-95
a14,-68,-77,-60,-80,-60,-73,-58,-94
a14,-70,-76,-60,-78,-60,-72,-58,-95
a14,-70,-76,-60,-78,-63,-72,-58,-95
a14,-70,-77,-58,-79,-61,-72,-59,-93
a14,-71,-77,-59,-78,-61,-73,-58,-95
a14,-70,-75,-61,-78,-61,-73,-58,-93
a14,-69,-76,-60,-78,-60,-73,-58,-91
a14,-70,-76,-59,-79,-61,-75,-58,-94
a14,-71,-76,-59,-77,-61,-72,-59,-94
a14,-69,-76,-59,-78,-61,-72,-59,-93
a14,-70,-76,-60,-78,-61,-74,-58,-93
a14,-70,-76,-59,-79,-61,-73,-58,-93
a14,-71,-75,-60,-78,-62,-72,-59,-91
a14,-70,-76,-59,-78,-59,-73,-58,-92
a14,-70,-75,-59,-78,-61,-74,-57,-93
a14,-70,-75,-60,-78,-61,-73,-58,-93
a14,-69,-75,-58,-79,-60,-73,-58,-92
a14,-73,-76,-60,-80,-60,-71,-58,-94
a14,-70,-77,-59,-80,-60,-73,-58,-92
a14,-70,-77,-59,-79,-60,-72,-58,-91
a14,-70,-76,-59,-80,-60,-72,-55,-93
a14,-70,-75,-59,-78,-59,-72,-58,-91
a14,-70,-76,-60,-77,-60,-72,-59,-92
a14,-70,-76,-60,-79,-58,-72,-59,-94
a14,-68,-76,-59,-79,-60,-72,-58,-92
a14,-70,-76,-58,-77,-61,-72,-59,-92
a14,-70,-76,-59,-78,-59,-71,-59,-95
a14,-69,-77,-60,-79,-61,-74,-57,-93
a14,-70,-76,-60,-78,-58,-72,-59,-92
a14,-70,-76,-59,-78,-60,-72,-59,-93
a14,-69,-76,-60,-78,-60,-72,-59,-94
a14,-70,-76,-60,-77,-60,-72,-58,-91
a14,-71,-76,-59,-79,-60,-72,-55,-93
a14,-70,-75,-60,-80,-60,-73,-59,-93
a14,-69,-75,-60,-80,-60,-72,-59,-94
a14,-70,-76,-60,-80,-59,-72,-57,-92
a14,-70,-76,-59,-81,-59,-74,-56,-92
a14,-71,-76,-59,-80,-61,-73,-55,-93
a14,-69,-76,-60,-81,-60,-71,-59,-100
a14,-69,-76,-60,-80,-60,-73,-59,-94
a14,-67,-76,-60,-80,-60,-72,-59,-93
a14,-69,-77,-60,-82,-58,-73,-59,-91
a14,-77,-81,-67,-84,-69,-70,-61,-94
a14,-77,-83,-69,-82,-65,-71,-66,-85
a14,-82,-82,-68,-83,-66,-71,-61,-87
a14,-84,-83,-68,-82,-65,-72,-60,-87
a14,-84,-83,-67,-83,-64,-71,-62,-87
a14,-85,-81,-68,-84,-65,-71,-59,-86
a14,-83,-82,-68,-84,-65,-71,-60,-87
a14,-85,-83,-66,-80,-66,-70,-61,-86
a14,-83,-81,-68,-83,-66,-71,-61,-87
a14,-84,-85,-68,-85,-65,-71,-61,-87
a14,-84,-83,-68,-83,-65,-71,-59,-88
a14,-80,-84,-67,-83,-65,-72,-60,-88
a14,-85,-83,-68,-83,-64,-70,-60,-86
a14,-85,-86,-67,-85,-65,-70,-61,-87
a14,-85,-84,-68,-84,-62,-71,-61,-87
a14,-85,-82,-67,-84,-66,-70,-60,-90
a14,-85,-82,-69,-84,-66,-72,-61,-89
a14,-86,-80,-68,-83,-65,-70,-62,-89
a14,-86,-81,-68,-84,-65,-70,-61,-89
a14,-83,-83,-68,-85,-66,-70,-59,-89
a14,-85,-82,-68,-82,-64,-72,-61,-88
a14,-86,-80,-68,-84,-66,-71,-61,-87
a14,-84,-83,-68,-82,-66,-71,-65,-88
a14,-87,-82,-67,-82,-63,-72,-59,-87
a14,-87,-84,-68,-82,-65,-72,-59,-88
a14,-87,-81,-68,-84,-66,-71,-59,-87
a14,-87,-84,-68,-83,-66,-71,-61,-88
a14,-87,-82,-68,-83,-65,-73,-59,-89
a14,-88,-83,-69,-83,-66,-72,-60,-90
a14,-86,-83,-69,-82,-66,-71,-61,-90
a14,-89,-79,-69,-82,-66,-70,-61,-88
a14,-86,-83,-69,-84,-66,-71,-61,-90
a14,-87,-82,-69,-82,-66,-69,-61,-88
a14,-87,-83,-68,-84,-65,-70,-59,-89
a14,-88,-83,-68,-84,-66,-71,-60,-89
a14,-87,-84,-69,-81,-64,-71,-61,-88
a14,-87,-82,-70,-82,-65,-72,-61,-88
a14,-86,-83,-68,-82,-64,-70,-62,-87
a14,-86,-83,-68,-82,-65,-71,-61,-88
a14,-87,-84,-67,-82,-69,-71,-62,-86
a14,-86,-82,-69,-82,-65,-72,-61,-88
a14,-85,-85,-68,-80,-64,-71,-62,-89
a14,-88,-82,-69,-83,-66,-72,-61,-88
a14,-86,-82,-69,-83,-66,-71,-61,-89
a14,-86,-81,-68,-84,-63,-70,-62,-88
a14,-86,-82,-67,-84,-65,-70,-62,-89
a14,-84,-83,-69,-85,-64,-71,-64,-89
a14,-86,-83,-69,-85,-66,-71,-61,-88
a14,-87,-81,-70,-83,-66,-70,-60,-88
a14,-86,-82,-69,-84,-66,-71,-61,-88
a15,-71,-72,-67,-79,-61,-71,-65,-80
a15,-71,-72,-68,-79,-60,-71,-63,-79
a15,-72,-72,-68,-81,-60,-70,-64,-79
a15,-69,-71,-67,-79,-62,-70,-65,-79
a15,-72,-72,-70,-78,-60,-71,-65,-80
a15,-71,-71,-70,-81,-61,-70,-64,-80
a15,-71,-72,-69,-81,-61,-68,-64,-80
a15,-71,-70,-69,-80,-60,-72,-65,-79
a15,-70,-68,-69,-82,-59,-70,-64,-80
a15,-69,-71,-70,-82,-61,-70,-65,-80
a15,-71,-70,-69,-81,-61,-70,-64,-78
a15,-71,-71,-69,-79,-62,-69,-64,-79
a15,-72,-70,-69,-82,-60,-70,-65,-79
a15,-67,-73,-71,-81,-61,-70,-63,-80
a15,-71,-72,-71,-80,-59,-71,-63,-80
a15,-71,-72,-70,-80,-62,-69,-65,-77
a15,-71,-71,-69,-81,-64,-70,-66,-80
a15,-71,-72,-72,-79,-61,-68,-64,-79
a15,-70,-73,-71,-79,-60,-70,-64,-79
a15,-70,-71,-66,-81,-60,-67,-65,-79
a15,-71,-74,-67,-81,-60,-69,-62,-81
a15,-71,-71,-70,-81,-60,-70,-64,-77
a15,-72,-71,-67,-81,-60,-70,-63,-77
a15,-71,-71,-63,-82,-59,-66,-63,-80
a15,-79,-69,-62,-81,-58,-69,-59,-81
a15,-81,-72,-63,-77,-63,-69,-62,-83
a15,-83,-71,-63,-78,-59,-70,-58,-81
a15,-81,-70,-63,-79,-57,-68,-60,-81
a15,-82,-71,-63,-78,-58,-70,-59,-82
a15,-83,-71,-64,-77,-55,-71,-60,-82
a15,-83,-70,-63,-78,-58,-70,-60,-81
a15,-83,-72,-63,-77,-58,-72,-60,-81
a15,-81,-71,-63,-77,-58,-71,-60,-82
a15,-83,-71,-64,-78,-58,-72,-60,-82
a15,-84,-72,-63,-79,-58,-72,-59,-79
a15,-84,-72,-65,-77,-58,-70,-60,-81
a15,-82,-71,-62,-79,-59,-71,-60,-82
a15,-85,-71,-63,-79,-58,-71,-60,-80
a15,-84,-70,-64,-79,-58,-70,-59,-78
a15,-86,-71,-64,-79,-59,-70,-59,-81
a15,-85,-72,-63,-79,-57,-71,-60,-80
a15,-84,-73,-64,-78,-64,-71,-60,-81
a15,-84,-71,-64,-78,-58,-71,-59,-78
a15,-81,-72,-64,-79,-59,-71,-59,-79
a15,-84,-71,-64,-80,-59,-67,-61,-81
a15,-82,-68,-64,-76,-59,-71,-59,-82
a15,-82,-70,-62,-80,-56,-71,-60,-81
a15,-82,-71,-64,-80,-60,-70,-61,-82
a15,-83,-71,-63,-81,-58,-70,-60,-82
a15,-83,-70,-64,-80,-58,-71,-60,-80
a15,-62,-74,-55,-73,-60,-70,-65,-84
a15,-61,-77,-53,-74,-61,-70,-63,-86
a15,-62,-76,-55,-75,-60,-70,-64,-85
a15,-62,-77,-54,-73,-57,-70,-62,-85
a15,-61,-77,-55,-74,-60,-71,-61,-84
a15,-62,-83,-52,-73,-59,-70,-63,-85
a15,-62,-76,-54,-74,-60,-71,-62,-86
a15,-60,-75,-55,-74,-60,-71,-62,-85
a15,-62,-76,-55,-74,-57,-71,-62,-86
a15,-62,-76,-55,-74,-60,-70,-61,-86
a15,-62,-77,-55,-74,-60,-70,-62,-88
a15,-62,-76,-55,-74,-58,-71,-62,-85
a15,-58,-76,-55,-74,-60,-70,-63,-86
a15,-62,-76,-55,-75,-56,-70,-63,-87
a15,-62,-76,-55,-74,-60,-69,-63,-86
a15,-62,-77,-55,-74,-60,-69,-62,-86
a15,-62,-76,-55,-74,-60,-70,-62,-84
a15,-62,-77,-55,-75,-60,-71,-62,-87
a15,-63,-76,-55,-74,-60,-68,-62,-86
a15,-62,-76,-54,-74,-58,-69,-62,-85
a15,-58,-77,-55,-75,-61,-71,-62,-84
a15,-62,-76,-55,-75,-60,-69,-62,-85
a15,-62,-78,-55,-74,-57,-71,-62,-85
a15,-62,-76,-55,-74,-59,-71,-62,-85
a15,-61,-76,-55,-72,-61,-71,-63,-86
a15,-62,-76,-55,-73,-59,-71,-63,-86
a15,-62,-77,-55,-74,-60,-71,-62,-85
a15,-62,-76,-54,-73,-60,-71,-63,-87
a15,-62,-77,-55,-74,-60,-71,-62,-86
a15,-61,-77,-55,-74,-59,-70,-63,-100
a15,-62,-77,-53,-74,-60,-71,-63,-88
a15,-62,-77,-51,-74,-60,-71,-62,-86
a15,-61,-76,-54,-75,-60,-71,-62,-87
a15,-62,-75,-55,-74,-60,-71,-63,-87
a15,-62,-77,-55,-74,-60,-71,-62,-85
a15,-62,-77,-55,-73,-58,-70,-61,-87
a15,-62,-78,-55,-75,-60,-70,-62,-86
a15,-61,-77,-55,-73,-59,-70,-63,-87
a15,-61,-76,-55,-74,-60,-71,-62,-86
a15,-62,-77,-54,-74,-58,-73,-63,-88
a15,-62,-77,-55,-74,-60,-70,-62,-86
a15,-62,-77,-55,-71,-58,-70,-63,-87
a15,-62,-77,-55,-73,-60,-69,-62,-87
a15,-62,-76,-55,-74,-61,-70,-62,-88
a15,-62,-77,-55,-75,-59,-72,-63,-86
a15,-62,-78,-53,-73,-60,-71,-63,-86
a15,-62,-77,-54,-75,-61,-71,-63,-85
a15,-62,-75,-55,-74,-60,-71,-63,-87
a15,-61,-77,-55,-74,-57,-70,-62,-85
a15,-62,-78,-56,-74,-57,-70,-63,-87
a15,-66,-75,-55,-70,-65,-87,-58,-81
a15,-64,-75,-53,-69,-65,-87,-59,-81
a15,-66,-74,-55,-72,-64,-86,-57,-80
a15,-66,-74,-55,-71,-63,-84,-58,-81
a15,-67,-73,-55,-72,-63,-86,-58,-79
a15,-66,-74,-54,-72,-63,-86,-57,-81
a15,-66,-74,-55,-72,-63,-89,-57,-80
a15,-65,-74,-55,-70,-64,-87,-58,-81
a15,-66,-73,-55,-71,-62,-87,-59,-81
a15,-65,-74,-55,-72,-64,-87,-57,-81
a15,-65,-73,-55,-71,-63,-88,-59,-81
a15,-66,-73,-55,-71,-63,-87,-58,-81
a15,-67,-74,-53,-70,-63,-87,-58,-82
a15,-66,-74,-53,-71,-64,-89,-58,-80
a15,-67,-74,-55,-71,-63,-88,-58,-82
a15,-67,-73,-54,-70,-63,-88,-57,-80
a15,-66,-73,-53,-71,-63,-88,-58,-80
a15,-65,-72,-53,-71,-64,-89,-58,-88
a15,-67,-74,-54,-70,-64,-89,-58,-80
a15,-66,-75,-54,-71,-61,-88,-58,-80
a15,-66,-73,-55,-71,-64,-87,-59,-80
a15,-66,-73,-55,-71,-63,-89,-59,-82
a15,-66,-73,-55,-71,-61,-88,-58,-81
a15,-66,-75,-55,-70,-64,-86,-58,-79
a15,-66,-75,-52,-71,-63,-85,-59,-80
a15,-66,-75,-54,-70,-64,-85,-57,-82
a15,-67,-74,-55,-71,-64,-88,-58,-81
a15,-66,-74,-54,-73,-61,-87,-57,-81
a15,-66,-75,-55,-71,-61,-88,-58,-82
a15,-66,-74,-57,-72,-64,-88,-58,-82
a15,-66,-72,-55,-71,-65,-88,-59,-81
a15,-66,-72,-57,-71,-63,-89,-58,-80
a15,-67,-75,-54,-72,-64,-88,-58,-80
a15,-66,-72,-54,-71,-63,-88,-59,-82
a15,-66,-73,-55,-70,-64,-89,-59,-80
a15,-66,-74,-55,-70,-64,-87,-58,-80
a15,-67,-74,-55,-71,-65,-88,-57,-81
a15,-67,-74,-54,-71,-64,-87,-59,-81
a15,-66,-74,-55,-71,-63,-87,-58,-81
a15,-66,-74,-54,-69,-64,-87,-57,-82
a15,-65,-74,-55,-71,-64,-87,-57,-81
a15,-66,-75,-55,-70,-64,-85,-58,-81
a15,-67,-75,-55,-71,-64,-86,-58,-81
a15,-66,-74,-55,-71,-63,-86,-58,-80
a15,-66,-73,-55,-71,-63,-86,-58,-82
a15,-66,-74,-53,-70,-64,-86,-58,-80
a15,-65,-74,-56,-71,-62,-84,-58,-79
a15,-66,-74,-54,-71,-64,-87,-58,-81
a15,-65,-74,-55,-71,-64,-85,-58,-80
a15,-66,-75,-54,-72,-64,-87,-57,-78
a15,-66,-74,-50,-83,-53,-82,-63,-83
a15,-68,-72,-50,-84,-57,-81,-62,-83
a15,-67,-73,-51,-85,-56,-84,-63,-85
a15,-66,-74,-50,-83,-55,-81,-62,-85
a15,-68,-72,-51,-84,-56,-83,-64,-84
a15,-67,-72,-50,-81,-56,-82,-64,-84
a15,-68,-72,-51,-84,-55,-81,-63,-84
a15,-68,-73,-49,-82,-55,-83,-65,-84
a15,-68,-73,-50,-83,-56,-83,-63,-84
a15,-68,-73,-50,-84,-56,-84,-63,-84
a15,-67,-73,-51,-84,-56,-84,-63,-84
a15,-67,-74,-50,-82,-56,-84,-63,-83
a15,-67,-73,-50,-83,-56,-85,-62,-82
a15,-67,-73,-49,-83,-56,-85,-64,-83
a15,-67,-72,-51,-84,-56,-84,-63,-80
a15,-67,-73,-50,-83,-56,-83,-63,-84
a15,-65,-72,-48,-82,-57,-85,-64,-83
a15,-67,-72,-49,-83,-56,-85,-63,-82
a15,-68,-73,-50,-81,-56,-83,-62,-83
a15,-67,-72,-51,-82,-55,-84,-63,-84
a15,-67,-72,-50,-84,-56,-85,-63,-84
a15,-68,-72,-51,-84,-57,-82,-64,-84
a15,-67,-72,-51,-84,-56,-83,-63,-80
a15,-67,-73,-49,-85,-56,-84,-64,-84
a15,-67,-72,-50,-83,-57,-83,-64,-84
a15,-68,-72,-50,-81,-56,-82,-63,-83
a15,-67,-72,-49,-82,-56,-84,-64,-82
a15,-68,-72,-51,-83,-56,-84,-63,-85
a15,-67,-72,-49,-85,-57,-84,-63,-85
a15,-67,-72,-51,-83,-55,-83,-63,-84
a15,-68,-72,-51,-83,-56,-80,-64,-83
a15,-67,-73,-50,-83,-56,-83,-63,-84
a15,-67,-72,-51,-84,-56,-82,-63,-83
a15,-67,-72,-50,-82,-57,-83,-63,-84
a15,-66,-72,-51,-80,-55,-83,-64,-83
a15,-66,-73,-50,-82,-56,-84,-63,-84
a15,-66,-73,-49,-84,-56,-84,-63,-83
a15,-67,-73,-51,-82,-56,-82,-63,-83
a15,-67,-73,-51,-81,-56,-84,-64,-83
a15,-67,-73,-50,-83,-56,-84,-63,-84
a15,-67,-72,-50,-79,-56,-85,-63,-83
a15,-68,-73,-51,-82,-56,-85,-63,-83
a15,-68,-72,-51,-82,-56,-85,-63,-82
a15,-65,-73,-51,-82,-56,-83,-63,-83
a15,-66,-72,-51,-84,-56,-83,-63,-84
a15,-67,-70,-51,-83,-55,-84,-63,-82
a15,-66,-73,-54,-83,-56,-85,-62,-83
a15,-67,-72,-48,-86,-56,-83,-63,-81
a15,-67,-72,-51,-84,-58,-84,-62,-84
a15,-68,-72,-50,-83,-56,-85,-64,-84
a16,-78,-60,-63,-73,-57,-83,-58,-86
a16,-78,-60,-64,-74,-58,-83,-61,-85
a16,-77,-60,-64,-72,-56,-84,-60,-85
a16,-77,-61,-64,-73,-59,-82,-61,-86
a16,-77,-61,-63,-72,-58,-83,-60,-85
a16,-78,-60,-64,-71,-57,-84,-60,-87
a16,-77,-59,-65,-74,-57,-84,-60,-84
a16,-77,-60,-64,-72,-57,-83,-59,-86
a16,-78,-59,-64,-71,-56,-81,-60,-85
a16,-77,-60,-64,-72,-58,-86,-60,-85
a16,-77,-60,-63,-71,-57,-83,-60,-85
a16,-77,-60,-64,-73,-58,-83,-61,-85
a16,-78,-60,-64,-71,-56,-82,-60,-85
a16,-77,-61,-64,-72,-57,-84,-60,-87
a16,-77,-60,-64,-71,-58,-83,-61,-84
a16,-77,-60,-64,-72,-54,-83,-59,-85
a16,-76,-60,-64,-73,-58,-84,-61,-84
a16,-76,-60,-64,-71,-56,-86,-61,-83
a16,-78,-61,-63,-73,-57,-84,-61,-85
a16,-76,-60,-64,-72,-57,-85,-61,-84
a16,-77,-60,-64,-71,-56,-83,-61,-86
a16,-77,-60,-64,-72,-58,-85,-61,-85
a16,-78,-60,-64,-71,-55,-84,-63,-84
a16,-77,-59,-64,-73,-57,-85,-61,-85
a16,-76,-60,-64,-73,-57,-84,-61,-84
a16,-77,-60,-63,-71,-57,-83,-56,-85
a16,-78,-60,-64,-73,-59,-83,-56,-85
a16,-77,-58,-64,-74,-56,-83,-60,-85
a16,-77,-60,-63,-72,-58,-83,-60,-83
a16,-77,-60,-64,-72,-58,-83,-62,-85
a16,-76,-61,-64,-72,-58,-83,-61,-84
a16,-77,-60,-64,-73,-56,-82,-60,-84
a16,-76,-60,-63,-72,-56,-84,-61,-85
a16,-77,-60,-64,-72,-58,-84,-55,-85
a16,-77,-60,-63,-72,-57,-83,-61,-84
a16,-78,-59,-63,-71,-58,-84,-62,-85
a16,-78,-61,-71,-71,-57,-83,-60,-85
a16,-77,-61,-64,-72,-58,-83,-57,-86
a16,-77,-60,-64,-72,-57,-85,-58,-85
a16,-76,-60,-64,-72,-56,-83,-60,-84
a16,-76,-60,-64,-70,-58,-83,-61,-84
a16,-78,-61,-64,-72,-54,-84,-60,-85
a16,-76,-60,-63,-71,-55,-83,-60,-85
a16,-77,-60,-63,-74,-57,-84,-57,-84
a16,-76,-60,-64,-72,-57,-83,-61,-86
a16,-77,-60,-63,-72,-55,-83,-60,-84
a16,-77,-60,-63,-73,-57,-84,-61,-85
a16,-78,-61,-62,-72,-57,-82,-61,-85
a16,-77,-60,-63,-72,-58,-83,-57,-85
a16,-77,-58,-64,-73,-57,-84,-59,-84
a16,-60,-74,-58,-90,-67,-79,-65,-77
a16,-59,-79,-66,-78,-65,-79,-72,-82
a16,-60,-78,-66,-76,-66,-77,-71,-82
a16,-59,-75,-66,-74,-76,-80,-70,-82
a16,-59,-74,-65,-74,-70,-81,-72,-81
a16,-59,-73,-66,-75,-74,-81,-72,-82
a16,-60,-76,-66,-75,-69,-82,-69,-83
a16,-59,-76,-67,-74,-81,-79,-68,-85
a16,-62,-79,-65,-82,-65,-82,-63,-82
a16,-61,-71,-62,-74,-67,-82,-67,-82
a16,-61,-74,-64,-77,-69,-80,-64,-83
a16,-59,-73,-64,-75,-67,-81,-66,-82
a16,-61,-73,-65,-75,-68,-79,-66,-81
a16,-61,-73,-64,-74,-68,-81,-66,-80
a16,-60,-72,-65,-75,-69,-80,-64,-82
a16,-59,-73,-64,-76,-67,-81,-67,-81
a16,-60,-73,-65,-75,-68,-81,-67,-82
a16,-58,-73,-64,-76,-70,-80,-66,-82
a16,-61,-73,-64,-74,-70,-82,-67,-82
a16,-60,-74,-65,-72,-70,-81,-66,-81
a16,-61,-72,-64,-73,-69,-80,-67,-81
a16,-62,-74,-63,-75,-70,-80,-67,-82
a16,-62,-73,-65,-76,-70,-80,-66,-83
a16,-61,-73,-61,-76,-68,-81,-67,-83
a16,-60,-74,-65,-74,-69,-81,-67,-81
a16,-60,-72,-63,-75,-70,-81,-66,-78
a16,-59,-73,-64,-76,-69,-81,-66,-82
a16,-60,-74,-64,-76,-70,-79,-66,-84
a16,-59,-74,-64,-76,-69,-80,-67,-82
a16,-61,-73,-65,-73,-69,-80,-65,-82
a16,-59,-74,-64,-73,-69,-82,-65,-82
a16,-60,-74,-63,-75,-69,-81,-66,-82
a16,-60,-73,-64,-75,-70,-81,-65,-82
a16,-60,-73,-65,-75,-69,-81,-66,-82
a16,-64,-75,-65,-75,-69,-81,-65,-82
a16,-60,-73,-64,-75,-69,-79,-66,-82
a16,-60,-74,-62,-76,-69,-81,-64,-82
a16,-60,-74,-68,-75,-69,-78,-66,-81
a16,-58,-72,-65,-74,-69,-79,-66,-82
a16,-60,-74,-63,-75,-67,-80,-66,-82
a16,-60,-75,-64,-75,-68,-81,-68,-81
a16,-59,-73,-63,-75,-68,-79,-66,-81
a16,-60,-73,-65,-74,-68,-80,-65,-81
a16,-60,-73,-65,-75,-68,-80,-66,-81
a16,-61,-72,-64,-76,-69,-79,-60,-81
a16,-60,-74,-64,-74,-69,-80,-65,-83
a16,-60,-74,-64,-74,-70,-80,-66,-82
a16,-61,-74,-62,-75,-69,-80,-65,-81
a16,-60,-71,-65,-75,-69,-80,-67,-81
a16,-60,-74,-61,-75,-70,-81,-67,-81
a16,-67,-73,-65,-72,-70,-85,-67,-85
a16,-66,-70,-67,-71,-65,-91,-69,-81
a16,-66,-71,-66,-71,-66,-90,-69,-80
a16,-66,-71,-67,-71,-65,-92,-73,-84
a16,-66,-69,-67,-71,-66,-91,-70,-86
a16,-67,-72,-66,-71,-64,-91,-70,-82
a16,-65,-70,-66,-71,-65,-91,-71,-81
a16,-65,-71,-65,-71,-65,-91,-70,-82
a16,-67,-69,-66,-72,-66,-91,-71,-82
a16,-65,-70,-67,-72,-65,-91,-71,-82
a16,-64,-70,-66,-73,-66,-90,-71,-82
a16,-65,-70,-66,-72,-63,-88,-71,-82
a16,-67,-70,-67,-73,-65,-89,-67,-82
a16,-66,-71,-65,-73,-63,-90,-67,-90
a16,-63,-71,-67,-71,-66,-87,-71,-82
a16,-67,-71,-66,-72,-65,-88,-69,-81
a16,-66,-71,-66,-73,-65,-89,-72,-83
a16,-66,-70,-64,-71,-66,-90,-71,-83
a16,-65,-71,-64,-71,-66,-90,-72,-82
a16,-67,-71,-67,-72,-66,-91,-71,-83
a16,-67,-70,-67,-72,-64,-100,-71,-82
a16,-67,-70,-66,-72,-66,-89,-70,-82
a16,-66,-71,-66,-73,-66,-90,-70,-82
a16,-65,-70,-67,-71,-64,-90,-72,-79
a16,-66,-71,-63,-72,-66,-88,-70,-82
a16,-67,-72,-66,-72,-63,-90,-71,-81
a16,-63,-70,-67,-72,-66,-91,-70,-83
a16,-66,-72,-65,-71,-65,-92,-71,-83
a16,-67,-71,-67,-72,-64,-89,-72,-83
a16,-67,-71,-66,-72,-65,-90,-70,-81
a16,-67,-71,-66,-72,-66,-91,-72,-83
a16,-68,-71,-66,-72,-64,-90,-71,-82
a16,-67,-71,-65,-72,-64,-92,-71,-83
a16,-66,-72,-67,-72,-64,-90,-69,-91
a16,-65,-72,-67,-72,-64,-91,-68,-83
a16,-67,-71,-66,-72,-66,-91,-66,-82
a16,-67,-71,-66,-72,-65,-90,-70,-82
a16,-66,-67,-66,-72,-65,-92,-73,-82
a16,-64,-71,-67,-71,-66,-90,-70,-82
a16,-65,-71,-65,-72,-63,-93,-70,-82
a16,-66,-72,-66,-74,-66,-90,-71,-82
a16,-63,-71,-66,-70,-66,-93,-71,-82
a16,-66,-71,-67,-71,-65,-90,-68,-82
a16,-65,-71,-66,-72,-66,-92,-70,-82
a16,-66,-71,-66,-72,-66,-92,-70,-81
a16,-67,-71,-67,-72,-64,-92,-70,-80
a16,-64,-70,-66,-72,-66,-93,-71,-82
a16,-66,-72,-66,-71,-63,-92,-71,-82
a16,-64,-70,-66,-72,-66,-89,-72,-84
a16,-67,-72,-66,-71,-65,-91,-72,-83
a16,-72,-66,-63,-80,-60,-84,-65,-84
a16,-70,-66,-61,-80,-61,-85,-64,-84
a16,-71,-67,-58,-81,-60,-85,-65,-83
a16,-71,-66,-63,-80,-61,-84,-65,-84
a16,-72,-65,-59,-80,-59,-85,-66,-84
a16,-72,-65,-63,-80,-61,-86,-62,-82
a16,-70,-66,-62,-79,-61,-85,-63,-84
a16,-70,-66,-62,-79,-61,-85,-66,-82
a16,-72,-66,-61,-79,-61,-85,-66,-84
a16,-71,-66,-63,-79,-59,-84,-66,-83
a16,-70,-67,-62,-78,-61,-86,-64,-83
a16,-71,-66,-63,-81,-61,-84,-66,-84
a16,-70,-66,-64,-81,-61,-86,-66,-83
a16,-71,-66,-63,-80,-61,-86,-67,-84
a16,-70,-66,-63,-79,-62,-86,-67,-84
a16,-73,-66,-61,-80,-61,-86,-63,-82
a16,-70,-66,-63,-79,-60,-86,-67,-84
a16,-71,-66,-62,-81,-60,-86,-66,-83
a16,-70,-66,-63,-80,-63,-86,-66,-84
a16,-71,-67,-63,-80,-60,-86,-67,-84
a16,-71,-66,-63,-80,-61,-84,-66,-83
a16,-69,-66,-63,-77,-59,-85,-64,-82
a16,-70,-66,-63,-81,-61,-85,-66,-83
a16,-70,-67,-62,-80,-60,-86,-67,-84
a16,-70,-66,-63,-80,-61,-85,-67,-84
a16,-70,-66,-61,-79,-61,-86,-66,-84
a16,-70,-65,-62,-79,-61,-86,-64,-84
a16,-70,-66,-63,-79,-60,-86,-66,-84
a16,-71,-66,-63,-80,-61,-86,-66,-83
a16,-72,-66,-61,-80,-61,-86,-66,-84
a16,-71,-66,-63,-80,-61,-86,-67,-84
a16,-71,-66,-60,-79,-61,-86,-66,-83
a16,-71,-65,-62,-79,-60,-87,-67,-83
a16,-71,-66,-60,-80,-61,-86,-64,-83
a16,-71,-65,-62,-80,-61,-83,-66,-83
a16,-72,-66,-63,-80,-61,-86,-66,-84
a16,-71,-66,-62,-80,-60,-85,-66,-83
a16,-71,-65,-62,-79,-61,-85,-65,-82
a16,-71,-66,-63,-79,-61,-85,-66,-83
a16,-72,-66,-63,-81,-61,-86,-65,-83
a16,-70,-65,-63,-80,-58,-85,-66,-84
a16,-71,-67,-63,-80,-62,-85,-67,-83
a16,-72,-66,-59,-80,-61,-86,-64,-84
a16,-71,-63,-62,-83,-59,-85,-66,-84
a16,-71,-65,-63,-80,-61,-85,-66,-84
a16,-71,-64,-62,-78,-62,-86,-66,-83
a16,-71,-66,-63,-79,-61,-85,-67,-84
a16,-71,-65,-63,-80,-60,-85,-66,-83
a16,-71,-66,-61,-80,-63,-86,-65,-83
a16,-69,-66,-63,-80,-61,-86,-67,-84
a17,-73,-61,-52,-77,-73,-79,-66,-83
a17,-72,-61,-52,-76,-72,-80,-66,-84
a17,-71,-61,-53,-77,-70,-80,-66,-82
a17,-73,-61,-53,-75,-70,-80,-66,-82
a17,-71,-61,-53,-77,-71,-80,-64,-83
a17,-71,-61,-54,-76,-70,-80,-65,-81
a17,-71,-61,-53,-77,-70,-80,-68,-82
a17,-72,-60,-53,-75,-68,-80,-66,-83
a17,-72,-61,-55,-76,-70,-80,-66,-82
a17,-71,-61,-51,-76,-70,-78,-66,-83
a17,-73,-61,-53,-73,-72,-81,-66,-83
a17,-72,-63,-54,-77,-70,-81,-66,-83
a17,-71,-60,-53,-76,-73,-80,-66,-82
a17,-73,-61,-54,-76,-70,-80,-66,-83
a17,-72,-61,-53,-77,-69,-80,-66,-83
a17,-73,-61,-54,-76,-69,-80,-66,-83
a17,-73,-61,-53,-77,-68,-80,-65,-82
a17,-72,-61,-52,-76,-71,-79,-65,-83
a17,-74,-61,-53,-76,-69,-81,-65,-83
a17,-73,-61,-54,-77,-70,-80,-66,-83
a17,-73,-61,-54,-77,-71,-77,-65,-83
a17,-73,-61,-54,-76,-69,-83,-66,-82
a17,-71,-61,-53,-77,-69,-79,-66,-81
a17,-71,-63,-54,-77,-70,-80,-66,-83
a17,-71,-61,-53,-76,-70,-81,-66,-82
a17,-72,-61,-53,-77,-68,-79,-66,-83
a17,-72,-60,-54,-77,-70,-80,-65,-82
a17,-72,-61,-53,-77,-70,-80,-65,-82
a17,-72,-62,-53,-76,-71,-79,-64,-83
a17,-72,-61,-53,-76,-72,-80,-67,-82
a17,-72,-62,-53,-76,-70,-80,-66,-83
a17,-71,-62,-53,-77,-71,-80,-66,-82
a17,-72,-61,-54,-76,-70,-80,-66,-82
a17,-71,-62,-51,-77,-68,-80,-65,-82
a17,-72,-63,-53,-77,-69,-81,-65,-83
a17,-71,-60,-53,-77,-69,-80,-64,-83
a17,-72,-61,-52,-76,-69,-81,-65,-82
a17,-72,-61,-53,-76,-69,-82,-65,-83
a17,-73,-61,-53,-76,-69,-81,-66,-84
a17,-73,-61,-53,-77,-70,-78,-66,-82
a17,-73,-61,-52,-78,-71,-81,-66,-83
a17,-72,-61,-54,-77,-70,-80,-66,-83
a17,-72,-61,-53,-76,-70,-80,-66,-83
a17,-72,-61,-53,-73,-70,-80,-66,-81
a17,-72,-61,-52,-77,-71,-80,-66,-81
a17,-72,-60,-53,-76,-71,-79,-66,-83
a17,-71,-61,-53,-77,-69,-81,-65,-83
a17,-72,-61,-53,-76,-70,-81,-64,-82
a17,-73,-62,-53,-74,-71,-80,-66,-84
a17,-72,-62,-53,-75,-70,-79,-65,-82
a17,-63,-64,-57,-81,-74,-85,-66,-100
a17,-63,-62,-59,-80,-73,-92,-70,-100
a17,-63,-62,-59,-81,-77,-93,-66,-100
a17,-63,-62,-59,-80,-77,-90,-65,-100
a17,-63,-62,-59,-82,-77,-91,-65,-100
a17,-60,-62,-59,-81,-76,-92,-65,-100
a17,-62,-62,-59,-81,-76,-91,-65,-100
a17,-63,-61,-58,-80,-76,-91,-66,-100
a17,-62,-62,-57,-80,-76,-91,-65,-100
a17,-62,-64,-58,-80,-76,-90,-65,-100
a17,-63,-62,-57,-82,-75,-93,-66,-100
a17,-63,-62,-58,-81,-77,-91,-65,-100
a17,-63,-62,-59,-82,-76,-92,-66,-100
a17,-62,-60,-56,-81,-76,-91,-66,-100
a17,-63,-62,-59,-81,-75,-93,-65,-100
a17,-63,-62,-59,-77,-78,-93,-65,-100
a17,-63,-63,-59,-82,-76,-91,-66,-100
a17,-63,-61,-58,-80,-76,-92,-65,-100
a17,-62,-61,-58,-82,-76,-93,-66,-100
a17,-62,-62,-59,-82,-76,-94,-66,-100
a17,-61,-62,-59,-82,-78,-91,-65,-100
a17,-63,-62,-59,-82,-75,-91,-65,-100
a17,-62,-62,-59,-82,-75,-92,-66,-100
a17,-63,-61,-58,-81,-76,-91,-66,-100
a17,-59,-62,-59,-80,-76,-93,-66,-100
a17,-63,-62,-59,-80,-75,-90,-66,-97
a17,-64,-63,-59,-81,-77,-91,-66,-100
a17,-63,-62,-57,-78,-76,-92,-66,-100
a17,-63,-62,-59,-81,-77,-91,-66,-100
a17,-63,-62,-59,-81,-78,-90,-67,-100
a17,-62,-66,-59,-80,-76,-92,-65,-100
a17,-62,-62,-58,-82,-76,-94,-66,-100
a17,-63,-62,-58,-81,-76,-92,-65,-94
a17,-63,-62,-59,-81,-75,-93,-66,-95
a17,-63,-61,-58,-81,-77,-92,-65,-100
a17,-64,-62,-59,-80,-75,-90,-66,-96
a17,-63,-62,-57,-80,-78,-92,-65,-100
a17,-63,-62,-58,-80,-77,-93,-66,-100
a17,-61,-62,-59,-81,-76,-91,-65,-100
a17,-63,-62,-57,-81,-76,-92,-66,-97
a17,-63,-62,-58,-79,-77,-92,-65,-100
a17,-64,-62,-57,-81,-76,-93,-66,-100
a17,-62,-63,-59,-81,-77,-93,-65,-95
a17,-63,-62,-63,-79,-76,-93,-65,-95
a17,-62,-62,-59,-80,-76,-91,-65,-100
a17,-63,-63,-57,-80,-76,-93,-66,-100
a17,-62,-62,-59,-82,-77,-93,-66,-100
a17,-61,-62,-56,-80,-77,-90,-66,-100
a17,-63,-62,-59,-80,-77,-91,-65,-100
a17,-63,-59,-56,-80,-77,-92,-65,-100
a17,-58,-66,-53,-83,-65,-80,-66,-77
a17,-58,-63,-52,-82,-61,-80,-66,-77
a17,-58,-65,-53,-83,-64,-79,-66,-79
a17,-57,-65,-52,-83,-64,-79,-66,-77
a17,-57,-65,-53,-83,-64,-79,-65,-76
a17,-57,-65,-53,-83,-63,-79,-66,-77
a17,-58,-65,-52,-84,-64,-78,-65,-75
a17,-56,-64,-53,-84,-65,-79,-65,-78
a17,-58,-63,-53,-84,-64,-81,-66,-77
a17,-57,-65,-53,-83,-64,-78,-66,-76
a17,-58,-65,-52,-83,-65,-78,-65,-77
a17,-56,-64,-53,-83,-65,-79,-65,-77
a17,-58,-65,-53,-82,-62,-79,-65,-77
a17,-57,-65,-54,-83,-65,-78,-61,-78
a17,-58,-65,-54,-83,-65,-78,-66,-78
a17,-58,-64,-52,-84,-65,-78,-66,-77
a17,-58,-65,-53,-82,-60,-78,-65,-77
a17,-58,-65,-53,-83,-64,-79,-66,-77
a17,-57,-65,-53,-84,-61,-77,-65,-79
a17,-57,-65,-52,-83,-63,-78,-65,-79
a17,-56,-64,-53,-83,-65,-78,-66,-77
a17,-57,-64,-53,-83,-66,-78,-65,-77
a17,-58,-64,-52,-84,-64,-79,-62,-77
a17,-58,-65,-53,-83,-64,-79,-65,-77
a17,-58,-65,-53,-83,-65,-80,-64,-78
a17,-57,-64,-53,-83,-64,-80,-64,-78
a17,-58,-65,-53,-83,-62,-79,-65,-78
a17,-58,-65,-51,-83,-62,-77,-65,-77
a17,-57,-64,-52,-82,-64,-78,-66,-78
a17,-58,-65,-52,-84,-64,-78,-65,-77
a17,-57,-65,-53,-83,-64,-79,-62,-78
a17,-58,-65,-53,-83,-64,-78,-65,-75
a17,-57,-65,-53,-84,-65,-80,-65,-79
a17,-58,-65,-52,-84,-64,-78,-65,-77
a17,-58,-64,-53,-84,-65,-78,-66,-76
a17,-56,-65,-53,-83,-65,-79,-65,-77
a17,-58,-65,-53,-83,-65,-79,-66,-77
a17,-58,-64,-53,-83,-65,-78,-65,-77
a17,-59,-64,-52,-83,-65,-79,-63,-75
a17,-58,-65,-52,-83,-64,-78,-65,-77
a17,-58,-65,-52,-83,-61,-79,-66,-78
a17,-57,-64,-52,-83,-65,-78,-65,-78
a17,-58,-65,-53,-82,-65,-80,-65,-74
a17,-57,-64,-53,-83,-65,-79,-65,-77
a17,-58,-65,-53,-82,-63,-79,-65,-77
a17,-58,-65,-52,-82,-61,-79,-66,-79
a17,-58,-64,-53,-84,-63,-77,-62,-77
a17,-58,-65,-54,-82,-65,-79,-65,-77
a17,-58,-65,-53,-84,-64,-78,-62,-76
a17,-57,-65,-53,-83,-64,-80,-65,-76
a17,-62,-63,-63,-83,-63,-77,-60,-80
a17,-62,-61,-62,-83,-61,-75,-65,-81
a17,-63,-63,-60,-83,-62,-76,-64,-80
a17,-58,-63,-62,-85,-62,-77,-63,-79
a17,-60,-63,-62,-84,-62,-77,-64,-81
a17,-62,-63,-62,-85,-59,-76,-64,-79
a17,-62,-63,-59,-85,-62,-77,-63,-80
a17,-60,-63,-62,-85,-62,-77,-63,-81
a17,-60,-63,-62,-85,-62,-77,-64,-79
a17,-62,-63,-63,-82,-62,-77,-60,-80
a17,-62,-63,-63,-84,-62,-76,-63,-82
a17,-62,-63,-58,-83,-63,-76,-63,-81
a17,-62,-63,-59,-85,-63,-75,-64,-81
a17,-62,-63,-62,-84,-57,-77,-64,-80
a17,-63,-63,-62,-84,-61,-75,-64,-80
a17,-62,-63,-60,-86,-63,-77,-63,-81
a17,-62,-63,-63,-85,-63,-77,-63,-81
a17,-61,-63,-60,-85,-59,-76,-63,-81
a17,-62,-63,-63,-84,-62,-77,-64,-80
a17,-62,-64,-62,-84,-61,-77,-63,-81
a17,-61,-63,-62,-84,-62,-76,-63,-80
a17,-62,-63,-62,-84,-63,-76,-64,-80
a17,-62,-63,-63,-85,-63,-75,-60,-79
a17,-62,-63,-60,-85,-62,-80,-64,-81
a17,-62,-63,-60,-84,-62,-78,-62,-80
a17,-62,-63,-62,-84,-62,-76,-63,-81
a17,-62,-63,-62,-85,-62,-77,-60,-80
a17,-63,-63,-59,-84,-60,-76,-64,-81
a17,-63,-63,-62,-85,-61,-77,-63,-81
a17,-62,-63,-62,-84,-58,-82,-63,-82
a17,-62,-63,-63,-84,-59,-76,-63,-81
a17,-62,-63,-63,-85,-61,-76,-63,-82
a17,-63,-63,-58,-85,-62,-77,-63,-81
a17,-62,-63,-63,-85,-62,-77,-63,-81
a17,-62,-63,-61,-83,-56,-76,-64,-81
a17,-63,-63,-59,-84,-60,-76,-64,-80
a17,-63,-63,-62,-85,-62,-74,-63,-80
a17,-63,-63,-61,-83,-62,-77,-63,-80
a17,-62,-63,-59,-84,-63,-77,-61,-82
a17,-59,-62,-61,-85,-62,-77,-63,-81
a17,-59,-63,-58,-86,-62,-77,-63,-80
a17,-62,-63,-62,-84,-59,-76,-64,-80
a17,-62,-63,-62,-85,-62,-76,-64,-81
a17,-57,-63,-62,-85,-63,-77,-63,-81
a17,-59,-63,-62,-85,-61,-77,-64,-81
a17,-61,-63,-62,-84,-62,-77,-63,-81
a17,-60,-63,-62,-85,-58,-76,-63,-81
a17,-62,-63,-62,-84,-61,-77,-63,-81
a17,-63,-63,-62,-85,-60,-76,-64,-81
a17,-62,-63,-58,-85,-60,-76,-64,-81
a18,-60,-49,-51,-84,-74,-83,-74,-87
a18,-60,-49,-51,-85,-67,-84,-72,-88
a18,-60,-49,-50,-84,-69,-84,-72,-85
a18,-59,-49,-51,-85,-67,-83,-74,-86
a18,-60,-48,-50,-84,-68,-84,-74,-86
a18,-60,-47,-51,-84,-68,-85,-75,-86
a18,-60,-46,-51,-85,-69,-100,-76,-83
a18,-60,-48,-51,-85,-69,-84,-73,-87
a18,-59,-49,-50,-85,-69,-83,-73,-85
a18,-60,-49,-51,-84,-69,-83,-74,-85
a18,-60,-49,-51,-84,-69,-81,-73,-86
a18,-61,-48,-50,-84,-69,-81,-76,-86
a18,-60,-48,-50,-84,-68,-82,-76,-87
a18,-60,-49,-51,-85,-69,-83,-73,-86
a18,-60,-49,-50,-85,-66,-85,-75,-86
a18,-60,-49,-50,-85,-69,-81,-73,-86
a18,-60,-48,-51,-83,-69,-83,-74,-86
a18,-60,-49,-50,-85,-67,-84,-73,-86
a18,-60,-49,-51,-85,-68,-85,-75,-87
a18,-60,-49,-51,-85,-68,-85,-75,-86
a18,-59,-47,-52,-85,-69,-85,-74,-86
a18,-60,-49,-52,-83,-69,-83,-72,-86
a18,-60,-48,-51,-84,-69,-83,-72,-85
a18,-60,-49,-51,-83,-68,-85,-73,-85
a18,-62,-48,-50,-85,-68,-84,-74,-86
a18,-60,-49,-51,-85,-68,-82,-72,-86
a18,-60,-49,-51,-85,-69,-83,-75,-87
a18,-60,-46,-51,-83,-67,-85,-77,-86
a18,-60,-47,-50,-85,-67,-82,-69,-85
a18,-60,-45,-51,-85,-69,-87,-74,-87
a18,-60,-49,-50,-89,-68,-82,-76,-84
a18,-61,-49,-52,-86,-68,-86,-72,-86
a18,-60,-49,-52,-84,-66,-86,-75,-87
a18,-61,-49,-50,-85,-69,-82,-72,-87
a18,-60,-48,-50,-84,-67,-84,-74,-85
a18,-60,-48,-51,-85,-70,-83,-74,-87
a18,-60,-48,-51,-83,-70,-82,-75,-87
a18,-60,-49,-51,-83,-70,-85,-75,-85
a18,-60,-47,-51,-85,-68,-84,-74,-87
a18,-60,-49,-51,-85,-68,-85,-73,-86
a18,-61,-49,-51,-84,-66,-84,-72,-87
a18,-60,-49,-50,-85,-69,-85,-73,-88
a18,-60,-49,-50,-85,-67,-82,-71,-87
a18,-64,-48,-51,-84,-69,-83,-71,-87
a18,-60,-47,-51,-84,-69,-86,-71,-87
a18,-60,-47,-51,-85,-69,-83,-70,-86
a18,-60,-49,-51,-85,-69,-84,-74,-85
a18,-60,-49,-51,-85,-68,-83,-71,-86
a18,-60,-49,-51,-85,-66,-83,-72,-86
a18,-60,-49,-51,-85,-69,-84,-75,-86
a18,-67,-52,-49,-80,-70,-81,-66,-94
a18,-67,-52,-52,-81,-69,-82,-65,-100
a18,-66,-53,-53,-79,-68,-81,-69,-97
a18,-68,-51,-52,-80,-70,-82,-69,-96
a18,-68,-52,-52,-78,-69,-82,-68,-94
a18,-67,-52,-53,-80,-67,-83,-69,-97
a18,-68,-51,-52,-80,-69,-81,-68,-94
a18,-66,-52,-49,-76,-69,-81,-69,-100
a18,-67,-53,-52,-79,-69,-81,-68,-100
a18,-68,-52,-49,-79,-68,-82,-69,-95
a18,-67,-52,-51,-78,-68,-81,-68,-95
a18,-67,-52,-52,-79,-69,-82,-67,-95
a18,-68,-52,-53,-80,-68,-83,-69,-96
a18,-68,-52,-53,-79,-69,-83,-69,-96
a18,-66,-52,-52,-80,-69,-83,-68,-100
a18,-68,-51,-52,-79,-68,-82,-67,-96
a18,-67,-52,-52,-80,-68,-82,-65,-93
a18,-68,-51,-52,-79,-69,-82,-69,-96
a18,-69,-52,-52,-80,-69,-82,-68,-96
a18,-67,-52,-53,-79,-69,-83,-65,-96
a18,-64,-52,-53,-79,-68,-81,-68,-93
a18,-68,-52,-53,-78,-68,-82,-69,-93
a18,-68,-52,-52,-79,-68,-82,-67,-100
a18,-69,-51,-53,-80,-69,-82,-68,-97
a18,-64,-52,-52,-79,-68,-82,-67,-94
a18,-68,-52,-50,-79,-69,-82,-68,-94
a18,-64,-52,-52,-80,-68,-81,-69,-94
a18,-65,-52,-52,-81,-68,-81,-67,-94
a18,-67,-52,-54,-79,-69,-82,-69,-100
a18,-68,-52,-49,-80,-69,-81,-67,-95
a18,-68,-52,-52,-80,-69,-81,-67,-94
a18,-68,-53,-53,-79,-70,-82,-68,-100
a18,-64,-52,-51,-80,-69,-81,-67,-92
a18,-67,-51,-53,-79,-69,-80,-68,-100
a18,-65,-52,-52,-80,-69,-83,-69,-94
a18,-68,-52,-52,-80,-69,-82,-69,-100
a18,-69,-51,-53,-81,-68,-81,-68,-92
a18,-68,-52,-53,-80,-68,-83,-68,-100
a18,-67,-52,-53,-80,-69,-80,-68,-95
a18,-66,-52,-52,-79,-68,-82,-68,-100
a18,-65,-52,-53,-78,-68,-79,-68,-100
a18,-68,-51,-52,-80,-69,-79,-68,-95
a18,-67,-52,-53,-79,-68,-81,-65,-100
a18,-67,-52,-52,-77,-69,-82,-68,-100
a18,-68,-52,-50,-81,-69,-82,-67,-93
a18,-65,-51,-53,-81,-69,-81,-68,-95
a18,-67,-52,-53,-79,-68,-82,-67,-94
a18,-69,-51,-53,-79,-69,-83,-68,-97
a18,-67,-51,-53,-79,-69,-81,-69,-100
a18,-68,-52,-47,-79,-70,-82,-67,-95
a18,-62,-50,-58,-75,-61,-85,-59,-81
a18,-63,-48,-57,-76,-60,-84,-59,-79
a18,-63,-48,-57,-76,-60,-84,-60,-82
a18,-63,-48,-55,-76,-60,-86,-58,-84
a18,-63,-50,-57,-77,-61,-85,-57,-80
a18,-63,-48,-55,-76,-60,-85,-59,-83
a18,-64,-49,-57,-76,-60,-86,-60,-81
a18,-64,-50,-55,-76,-60,-85,-60,-81
a18,-64,-49,-57,-77,-60,-84,-58,-82
a18,-63,-48,-56,-76,-60,-86,-60,-81
a18,-64,-50,-56,-77,-60,-82,-60,-82
a18,-63,-49,-57,-76,-60,-84,-60,-79
a18,-63,-51,-57,-76,-60,-84,-59,-81
a18,-65,-49,-57,-76,-60,-84,-58,-81
a18,-64,-48,-57,-76,-60,-84,-59,-81
a18,-64,-50,-57,-76,-61,-85,-59,-82
a18,-64,-50,-56,-77,-60,-84,-59,-81
a18,-63,-50,-58,-76,-60,-84,-59,-82
a18,-64,-50,-59,-75,-59,-85,-59,-85
a18,-63,-50,-58,-76,-60,-85,-57,-80
a18,-63,-50,-57,-73,-61,-86,-59,-81
a18,-63,-49,-58,-76,-60,-85,-59,-80
a18,-63,-50,-55,-76,-60,-86,-59,-82
a18,-63,-50,-58,-76,-60,-85,-59,-82
a18,-63,-50,-57,-77,-60,-85,-59,-80
a18,-64,-49,-58,-75,-61,-84,-60,-80
a18,-64,-49,-56,-75,-60,-85,-59,-82
a18,-64,-50,-58,-73,-60,-84,-59,-81
a18,-63,-49,-58,-76,-60,-83,-58,-81
a18,-64,-50,-58,-77,-60,-83,-59,-80
a18,-63,-50,-57,-77,-60,-83,-59,-81
a18,-63,-50,-55,-75,-60,-84,-59,-81
a18,-64,-50,-56,-76,-60,-84,-59,-81
a18,-63,-50,-55,-75,-60,-80,-59,-81
a18,-64,-50,-58,-76,-60,-83,-59,-83
a18,-64,-49,-55,-76,-61,-83,-59,-81
a18,-64,-49,-55,-75,-60,-85,-59,-81
a18,-63,-47,-56,-75,-60,-84,-59,-81
a18,-63,-48,-58,-76,-61,-84,-60,-81
a18,-63,-50,-55,-77,-60,-85,-59,-81
a18,-64,-49,-57,-76,-58,-83,-60,-81
a18,-63,-50,-58,-74,-61,-85,-58,-81
a18,-63,-50,-55,-75,-60,-85,-58,-82
a18,-64,-50,-55,-76,-60,-85,-60,-80
a18,-63,-50,-57,-76,-60,-84,-60,-82
a18,-64,-49,-57,-76,-60,-84,-58,-82
a18,-64,-49,-57,-76,-60,-83,-60,-83
a18,-64,-54,-58,-75,-60,-84,-60,-82
a18,-64,-49,-57,-76,-58,-84,-59,-79
a18,-64,-49,-55,-77,-60,-84,-60,-82
a18,-71,-54,-56,-76,-65,-89,-70,-89
a18,-70,-54,-55,-75,-65,-84,-71,-89
a18,-70,-54,-55,-77,-65,-84,-70,-89
a18,-71,-55,-55,-75,-67,-83,-71,-90
a18,-69,-54,-54,-75,-66,-83,-68,-88
a18,-70,-53,-55,-75,-66,-83,-71,-89
a18,-70,-55,-55,-77,-65,-83,-71,-88
a18,-67,-56,-55,-76,-65,-81,-72,-89
a18,-68,-55,-55,-76,-64,-84,-71,-88
a18,-70,-55,-55,-77,-65,-84,-71,-87
a18,-69,-54,-51,-77,-65,-83,-71,-86
a18,-70,-55,-55,-74,-65,-82,-71,-88
a18,-68,-55,-55,-75,-66,-84,-72,-87
a18,-69,-55,-52,-78,-66,-84,-71,-91
a18,-70,-54,-54,-76,-64,-82,-72,-87
a18,-71,-54,-55,-76,-67,-83,-70,-88
a18,-70,-55,-54,-75,-63,-82,-71,-89
a18,-70,-55,-54,-76,-66,-84,-70,-89
a18,-70,-55,-50,-75,-66,-84,-71,-89
a18,-70,-54,-55,-77,-65,-83,-72,-88
a18,-68,-55,-56,-76,-64,-83,-70,-87
a18,-69,-54,-52,-75,-65,-84,-71,-90
a18,-71,-54,-55,-76,-66,-84,-71,-89
a18,-70,-54,-55,-76,-65,-83,-70,-88
a18,-70,-54,-55,-75,-66,-83,-73,-89
a18,-69,-54,-55,-75,-65,-82,-72,-88
a18,-69,-55,-55,-76,-66,-84,-71,-88
a18,-70,-54,-55,-75,-66,-84,-72,-88
a18,-70,-55,-54,-77,-64,-83,-72,-87
a18,-68,-54,-56,-76,-64,-83,-72,-88
a18,-71,-54,-55,-75,-65,-83,-71,-87
a18,-70,-55,-50,-76,-66,-84,-71,-88
a18,-68,-55,-58,-76,-66,-83,-71,-88
a18,-69,-55,-51,-75,-65,-84,-71,-89
a18,-70,-55,-55,-76,-66,-84,-71,-89
a18,-70,-55,-55,-76,-67,-83,-71,-87
a18,-69,-55,-56,-73,-64,-79,-72,-89
a18,-69,-54,-54,-75,-64,-86,-71,-87
a18,-68,-54,-56,-76,-66,-84,-72,-88
a18,-69,-54,-55,-75,-65,-82,-73,-88
a18,-70,-54,-55,-76,-70,-85,-72,-88
a18,-70,-54,-55,-75,-65,-84,-73,-89
a18,-70,-55,-55,-77,-66,-85,-70,-88
a18,-71,-54,-54,-74,-65,-84,-73,-90
a18,-69,-55,-51,-76,-66,-83,-71,-100
a18,-70,-55,-53,-76,-65,-84,-73,-89
a18,-70,-55,-55,-70,-65,-83,-71,-89
a18,-70,-53,-55,-75,-66,-83,-71,-90
a18,-69,-54,-56,-76,-66,-83,-71,-89
a18,-70,-55,-57,-76,-65,-84,-72,-87
a19,-63,-52,-60,-79,-65,-78,-60,-86
a19,-62,-53,-64,-81,-64,-80,-66,-85
a19,-62,-57,-62,-80,-64,-80,-67,-87
a19,-62,-55,-65,-76,-65,-81,-60,-87
a19,-62,-56,-61,-80,-64,-79,-62,-87
a19,-60,-55,-64,-80,-64,-82,-60,-87
a19,-62,-54,-64,-79,-64,-79,-62,-88
a19,-59,-55,-64,-80,-64,-81,-63,-86
a19,-62,-53,-63,-80,-64,-81,-64,-88
a19,-63,-56,-64,-80,-64,-80,-64,-87
a19,-62,-55,-64,-79,-61,-79,-64,-87
a19,-59,-54,-64,-78,-64,-80,-64,-88
a19,-62,-54,-64,-80,-64,-81,-63,-87
a19,-62,-56,-64,-77,-64,-80,-62,-87
a19,-62,-55,-63,-79,-64,-81,-65,-87
a19,-62,-55,-64,-80,-60,-79,-63,-86
a19,-62,-55,-61,-77,-64,-79,-64,-88
a19,-60,-55,-64,-80,-63,-81,-63,-86
a19,-60,-54,-64,-80,-65,-80,-64,-87
a19,-59,-55,-64,-78,-64,-81,-65,-88
a19,-62,-55,-64,-77,-65,-81,-65,-86
a19,-62,-58,-63,-79,-64,-80,-64,-87
a19,-62,-55,-63,-80,-63,-81,-63,-86
a19,-59,-55,-64,-79,-64,-81,-63,-87
a19,-62,-54,-64,-77,-64,-81,-63,-87
a19,-62,-54,-64,-80,-64,-80,-64,-87
a19,-57,-56,-64,-79,-64,-80,-63,-87
a19,-62,-55,-64,-79,-64,-80,-64,-88
a19,-60,-54,-64,-80,-65,-80,-64,-87
a19,-59,-53,-64,-80,-64,-80,-64,-85
a19,-62,-54,-61,-79,-65,-80,-63,-88
a19,-65,-55,-64,-80,-65,-80,-64,-88
a19,-63,-54,-64,-80,-64,-81,-63,-89
a19,-62,-55,-60,-79,-64,-80,-63,-86
a19,-59,-55,-63,-80,-64,-79,-64,-86
a19,-62,-56,-64,-79,-64,-81,-64,-87
a19,-62,-55,-64,-80,-64,-81,-62,-86
a19,-61,-55,-65,-80,-64,-83,-61,-87
a19,-62,-55,-63,-79,-65,-81,-61,-87
a19,-62,-55,-64,-79,-64,-79,-63,-86
a19,-61,-55,-64,-80,-63,-81,-63,-87
a19,-62,-54,-64,-81,-64,-81,-64,-86
a19,-60,-55,-64,-80,-64,-81,-64,-86
a19,-63,-54,-64,-80,-64,-79,-64,-88
a19,-62,-53,-64,-80,-64,-80,-63,-87
a19,-62,-55,-63,-79,-64,-82,-61,-87
a19,-63,-55,-64,-76,-64,-81,-63,-87
a19,-60,-55,-64,-80,-64,-81,-63,-88
a19,-60,-55,-63,-79,-64,-82,-63,-88
a19,-60,-55,-64,-79,-64,-81,-63,-86
a19,-75,-64,-68,-86,-74,-83,-64,-83
a19,-74,-64,-66,-86,-74,-80,-62,-85
a19,-75,-65,-65,-83,-73,-83,-65,-84
a19,-75,-64,-65,-85,-74,-77,-64,-86
a19,-73,-64,-65,-85,-75,-80,-64,-85
a19,-74,-64,-64,-85,-74,-79,-61,-86
a19,-74,-64,-61,-84,-74,-81,-64,-85
a19,-75,-64,-64,-84,-74,-80,-62,-83
a19,-75,-64,-65,-85,-74,-79,-63,-84
a19,-75,-65,-65,-84,-76,-79,-63,-84
a19,-74,-63,-65,-82,-76,-79,-63,-84
a19,-70,-64,-64,-86,-76,-80,-63,-84
a19,-73,-64,-64,-85,-76,-79,-63,-82
a19,-71,-63,-64,-84,-76,-79,-61,-85
a19,-75,-63,-65,-86,-76,-79,-63,-84
a19,-74,-65,-65,-84,-77,-78,-60,-85
a19,-74,-65,-65,-83,-76,-79,-64,-85
a19,-79,-65,-65,-84,-77,-80,-63,-84
a19,-75,-64,-65,-85,-76,-79,-63,-85
a19,-75,-64,-65,-83,-77,-80,-62,-85
a19,-75,-66,-65,-84,-75,-78,-62,-84
a19,-71,-65,-64,-84,-76,-79,-63,-83
a19,-75,-64,-64,-85,-75,-79,-61,-85
a19,-73,-64,-65,-84,-77,-79,-63,-86
a19,-71,-64,-64,-83,-76,-79,-64,-84
a19,-75,-65,-61,-85,-76,-79,-64,-85
a19,-76,-64,-65,-84,-78,-79,-64,-85
a19,-74,-65,-64,-82,-77,-80,-64,-85
a19,-73,-65,-64,-84,-76,-80,-61,-85
a19,-74,-64,-65,-85,-76,-77,-64,-85
a19,-71,-64,-65,-85,-76,-80,-63,-84
a19,-75,-64,-67,-86,-74,-79,-63,-84
a19,-74,-64,-65,-83,-76,-79,-63,-85
a19,-74,-66,-65,-83,-75,-84,-62,-85
a19,-73,-64,-65,-84,-75,-78,-63,-84
a19,-75,-64,-65,-83,-76,-84,-60,-85
a19,-74,-64,-62,-83,-75,-77,-63,-85
a19,-76,-64,-64,-84,-75,-79,-62,-85
a19,-73,-65,-65,-85,-75,-79,-63,-85
a19,-73,-64,-65,-83,-76,-78,-62,-85
a19,-74,-65,-65,-84,-77,-77,-63,-84
a19,-73,-64,-65,-83,-76,-79,-59,-84
a19,-75,-65,-65,-83,-77,-79,-63,-84
a19,-75,-65,-63,-84,-76,-79,-63,-86
a19,-74,-64,-65,-84,-77,-77,-63,-85
a19,-75,-64,-62,-84,-76,-78,-63,-84
a19,-75,-64,-65,-83,-76,-84,-64,-85
a19,-75,-65,-64,-84,-76,-78,-62,-84
a19,-74,-64,-64,-85,-74,-79,-63,-84
a19,-74,-65,-65,-84,-74,-78,-63,-85
a19,-67,-61,-68,-79,-66,-78,-68,-82
a19,-68,-61,-69,-80,-67,-77,-67,-87
a19,-67,-58,-67,-79,-64,-80,-68,-85
a19,-81,-65,-72,-100,-76,-91,-87,-91
a19,-67,-66,-62,-93,-67,-78,-57,-91
a19,-69,-67,-63,-92,-63,-77,-60,-91
a19,-69,-67,-60,-90,-64,-75,-58,-90
a19,-69,-65,-59,-92,-64,-77,-58,-89
a19,-65,-67,-59,-91,-64,-76,-59,-89
a19,-69,-67,-59,-92,-62,-75,-58,-90
a19,-69,-68,-57,-93,-60,-76,-56,-89
a19,-64,-67,-60,-93,-64,-76,-58,-88
a19,-69,-67,-60,-93,-64,-76,-59,-89
a19,-69,-65,-61,-93,-60,-77,-58,-88
a19,-69,-67,-60,-91,-63,-75,-59,-90
a19,-66,-68,-60,-94,-64,-76,-59,-90
a19,-69,-68,-60,-93,-64,-76,-58,-89
a19,-69,-68,-58,-93,-64,-77,-57,-88
a19,-68,-68,-62,-92,-65,-76,-58,-89
a19,-67,-69,-59,-93,-65,-77,-59,-89
a19,-69,-67,-60,-90,-64,-77,-58,-88
a19,-69,-67,-60,-93,-65,-76,-59,-90
a19,-69,-67,-58,-92,-65,-76,-59,-89
a19,-76,-67,-60,-93,-64,-76,-58,-90
a19,-69,-68,-57,-93,-64,-77,-59,-88
a19,-68,-67,-57,-92,-65,-76,-59,-90
a19,-69,-67,-59,-92,-64,-77,-59,-90
a19,-68,-68,-59,-92,-64,-77,-59,-88
a19,-69,-65,-60,-94,-62,-78,-57,-90
a19,-69,-68,-60,-95,-64,-76,-58,-88
a19,-68,-68,-60,-93,-65,-78,-57,-89
a19,-69,-68,-61,-93,-65,-77,-59,-89
a19,-69,-67,-59,-91,-63,-78,-59,-89
a19,-68,-65,-58,-91,-63,-77,-59,-89
a19,-67,-68,-59,-94,-64,-76,-60,-88
a19,-69,-66,-60,-91,-62,-76,-57,-91
a19,-65,-68,-60,-94,-64,-75,-59,-90
a19,-69,-68,-60,-100,-63,-76,-58,-88
a19,-69,-67,-60,-94,-64,-75,-58,-88
a19,-69,-68,-59,-94,-64,-77,-59,-89
a19,-69,-67,-60,-94,-64,-76,-60,-89
a19,-68,-67,-58,-93,-64,-76,-59,-89
a19,-69,-69,-60,-93,-63,-75,-61,-89
a19,-69,-68,-58,-93,-64,-76,-59,-88
a19,-69,-68,-59,-93,-64,-76,-60,-90
a19,-68,-68,-58,-92,-64,-77,-59,-89
a19,-69,-68,-60,-93,-64,-77,-58,-90
a19,-69,-68,-60,-93,-63,-76,-57,-89
a19,-68,-67,-61,-93,-64,-76,-58,-90
a19,-69,-68,-61,-92,-65,-77,-60,-88
a19,-63,-53,-75,-79,-69,-81,-69,-91
a19,-62,-53,-75,-83,-69,-79,-71,-92
a19,-62,-50,-72,-82,-70,-80,-66,-90
a19,-61,-53,-73,-82,-72,-81,-67,-89
a19,-61,-53,-72,-81,-69,-83,-67,-90
a19,-63,-53,-73,-82,-68,-80,-66,-91
a19,-62,-53,-71,-81,-68,-80,-65,-89
a19,-62,-53,-73,-81,-71,-81,-65,-89
a19,-62,-53,-72,-82,-72,-82,-65,-91
a19,-62,-55,-71,-81,-71,-81,-66,-89
a19,-62,-53,-71,-81,-70,-82,-65,-90
a19,-62,-54,-72,-83,-71,-82,-67,-90
a19,-62,-53,-72,-82,-71,-81,-65,-91
a19,-61,-53,-73,-83,-70,-82,-66,-91
a19,-62,-53,-72,-82,-71,-83,-65,-92
a19,-62,-52,-72,-82,-72,-82,-66,-90
a19,-62,-51,-72,-82,-71,-81,-66,-90
a19,-62,-54,-72,-84,-69,-80,-66,-88
a19,-62,-53,-71,-82,-70,-82,-65,-89
a19,-62,-53,-72,-82,-70,-81,-64,-89
a19,-62,-54,-72,-83,-71,-81,-66,-90
a19,-61,-53,-72,-82,-70,-82,-65,-91
a19,-61,-53,-73,-83,-71,-83,-65,-91
a19,-62,-53,-72,-83,-70,-81,-65,-90
a19,-62,-54,-73,-82,-72,-81,-65,-92
a19,-61,-53,-72,-83,-72,-81,-66,-91
a19,-62,-53,-73,-83,-71,-81,-67,-90
a19,-62,-53,-71,-83,-71,-81,-67,-90
a19,-62,-53,-72,-82,-71,-81,-68,-92
a19,-62,-53,-72,-83,-72,-82,-66,-90
a19,-62,-52,-72,-82,-71,-80,-65,-90
a19,-61,-53,-72,-82,-71,-81,-65,-90
a19,-62,-54,-72,-83,-71,-81,-66,-89
a19,-63,-53,-72,-84,-70,-81,-67,-91
a19,-62,-53,-72,-82,-70,-82,-64,-91
a19,-62,-54,-72,-82,-72,-100,-65,-90
a19,-62,-54,-72,-82,-68,-81,-64,-91
a19,-61,-53,-71,-83,-70,-80,-66,-90
a19,-62,-53,-72,-82,-70,-82,-65,-92
a19,-59,-53,-71,-81,-70,-81,-65,-91
a19,-62,-53,-71,-81,-69,-80,-64,-90
a19,-62,-53,-72,-83,-71,-81,-64,-92
a19,-62,-53,-72,-82,-71,-81,-65,-93
a19,-63,-53,-73,-82,-71,-82,-65,-91
a19,-62,-53,-72,-82,-70,-80,-64,-90
a19,-60,-53,-73,-82,-68,-82,-66,-91
a19,-62,-54,-72,-81,-71,-81,-65,-90
a19,-62,-53,-71,-81,-70,-79,-65,-91
a19,-63,-53,-72,-82,-69,-81,-66,-90
a19,-61,-53,-73,-82,-70,-82,-65,-91
